-- Inserção de usuários com id predefinido
INSERT INTO users (id, name, email, cell, password) VALUES
(2, 'Eduarda Azevedo', 'dfogaca@da.br', '51 5108 3485', decode('f636061ed6383840a8b34a42ba62212d52017e2037af736c92e3bc9c671f49f0', 'hex')),
(3, 'Dra. Valentina Costela', 'peixotolavinia@yahoo.com.br', '+55 41 1756-3022', decode('7ca9096078f8326d108fa5730ddeef455992b95df02f8014e9800b1b65621337', 'hex')),
(4, 'Vinicius Vieira', 'aragaolais@ramos.org', '+55 (084) 7511-1106', decode('810b3612ff44c571ea1b7968583dc19871427b2dbea9241f174bc5036c10aa24', 'hex')),
(5, 'Alice Mendes', 'sfernandes@bol.com.br', '(081) 1474-1934', decode('6e55b44c86a3184fa56d628e09ef53a7abd71950895726ca7e9758f97de5112c', 'hex')),
(6, 'Maria Gonçalves', 'ana-vitoria84@gmail.com', '(041) 6476 1079', decode('06f2cd48f280523bf5affb140f4989c85d40da37c70d1e28fb713f604c26d187', 'hex')),
(7, 'Ana Clara Mendes', 'cavalcantieduardo@hotmail.com', '81 8362-1960', decode('7576c8c8769451af5d595d9a00a8cba85e96e84b67115946de0d43832439aa9e', 'hex')),
(8, 'Eduarda Peixoto', 'ana-juliacastro@costa.org', '0500-215-6817', decode('d54cd389dd294851b855f2a646caa872b931ac4980d32972a28e2dbc7e169ac1', 'hex')),
(9, 'Marcos Vinicius Porto', 'juliaaragao@ramos.br', '+55 31 0748 6702', decode('974f0dd02eb257c39f95c3d4c908b8bcaffa9357dabaf96c83627c2e1811b54c', 'hex')),
(10, 'Juliana da Costa', 'pedro-miguel30@gmail.com', '81 3930 0571', decode('93d7c4d485dff454458055e07aa2c39ae0fe1593b5062a93d0cbdd274ff7de3a', 'hex')),
(11, 'Danilo Vieira', 'daniela52@correia.br', '+55 (011) 4823-1481', decode('b61f4342ac6776277cae45472e9399198e7a7740f58db8bb4605fb2b33216c29', 'hex')),
(12, 'Sra. Maria Julia Castro', 'ufogaca@correia.br', '+55 (021) 3384 5650', decode('59aeb74549a59a91a446483e549e9bdf1cb9a4284bbe10ec3aca75345f4df62a', 'hex')),
(13, 'Sr. Kaique da Mata', 'theoda-mota@vieira.br', '71 6526-9711', decode('1a7a2abebd709e410d9fa7aa1002a2aea1b44a7e740c86f8205187f364733f9f', 'hex')),
(14, 'Maria Vitória Barbosa', 'sabrina79@gmail.com', '+55 51 5782 7125', decode('df287de95211b40b9292e7bc324d4d8fcc962372e8124f9a296058845cea2e64', 'hex')),
(15, 'Vitor Gabriel da Mata', 'carolinefernandes@barbosa.br', '+55 81 2856-9649', decode('b79711f822f04d48657b1a3a1b016d90eea8c63b4880e4950a2e72d2327eda4a', 'hex')),
(16, 'Stephany Cavalcanti', 'isis03@gmail.com', '0300 469 4896', decode('27c470051ad929546136b415a43a3065e7386672f72a708b48831f275c4ffdfb', 'hex')),
(17, 'Theo Teixeira', 'vitoria96@bol.com.br', '84 9571 8468', decode('4646b81f1a5dbf8714f774c030eda50e01009005285f2ce444ebdb8c647aff9c', 'hex')),
(18, 'Srta. Heloísa Ramos', 'nathan99@yahoo.com.br', '51 6377 5961', decode('646a004553dd36fe0d79c3fa1edfa9ce9a191e25dc51f516caac97fbeb0032bf', 'hex')),
(19, 'Stephany Araújo', 'dda-rosa@da.com', '61 8469-3626', decode('2b21df624b131c308cfa79c2cd74a7da5b70228386f3b65140dd5da35d302d70', 'hex')),
(20, 'Enrico Santos', 'rnunes@yahoo.com.br', '(031) 4668 2309', decode('aff443e815f24cf95007a5c49479a71524221254b67e1ed91f59f0741ea3ee08', 'hex')),
(21, 'Sr. Kaique Cardoso', 'gda-mata@uol.com.br', '+55 (021) 6338-4621', decode('d35bfec2b3c01063a5f688445e7076f7a93e246090e1a6e8ff389fbeed5c2cf4', 'hex')),
(22, 'Bryan Nunes', 'tpeixoto@yahoo.com.br', '+55 84 2573 3686', decode('eb5fb0f9e12d936509aed9eb9226787dd248f5d5b6557906b2e1ad2144f5abc1', 'hex')),
(23, 'Diego Viana', 'imoraes@bol.com.br', '51 4332 7216', decode('8c57b97e4688bb4b95060dd737cedfe3bc8304316864810a441aa3ba9c7e276c', 'hex')),
(24, 'Sofia Ramos', 'ucarvalho@ig.com.br', '+55 84 2962 6634', decode('e5a2da6f7555dc5511ed6b018df3c866490dc6211d8b47c6de26d5bd5a31f887', 'hex')),
(25, 'Luna Cardoso', 'oliveiralucca@gmail.com', '+55 (051) 5690 7384', decode('70f0c684ebb114fbe95e6d0996b7fdda93472d46dde8d9eb5baa691443a90043', 'hex')),
(26, 'Davi Luiz Ferreira', 'luiz-miguel15@souza.br', '+55 (081) 2112-0038', decode('3ee7857c69361b35e9846696899e401c04cddffbe4c41f33802f4e98a2948c87', 'hex')),
(27, 'Dra. Isadora das Neves', 'da-rosadavi@viana.net', '0900-914-5137', decode('9b539e82487c82682a8d7fec96dee67c35ec14826d1555ff3cb5753538e78fa6', 'hex')),
(28, 'João Felipe da Rocha', 'isabella12@novaes.org', '21 5736 3388', decode('95b9927d84e2d460c7e08867719ddf99f7fbe44ef36c4243e07c5eb970dd3f02', 'hex')),
(29, 'Luna Nogueira', 'pedro53@gomes.br', '0500-298-9122', decode('0b46cf04c15bac3fbd3c046cba0e4f3f9d84eecf908419e20f31ec320d294697', 'hex')),
(30, 'Maria Vitória Santos', 'luiz-fernandomoreira@teixeira.net', '+55 (011) 9552 6733', decode('3448e10fd7c4e2530177e32989f754f9ae7ccf8d882280994eb34344dc7e0efb', 'hex')),
(31, 'Raul Fogaça', 'oliviasantos@da.com', '0300 819 3954', decode('68652bdb1a675c9ce9fd8281811baada904016a1b1964a71f9cb479b20619a66', 'hex')),
(32, 'Sra. Maria Cecília Moreira', 'bpires@bol.com.br', '+55 41 8934-5534', decode('ddf588070c403c18ef800b737bb1c6d4c39ca2ec93764efdf5ba31394938326d', 'hex')),
(33, 'Maria Eduarda Gonçalves', 'caldeiraleticia@yahoo.com.br', '31 1607 9645', decode('57f87686906efa5c6167bc7a7686ec9784f8466345c67c1b1852004efb969360', 'hex')),
(34, 'Srta. Maria Sophia Dias', 'araujolorenzo@yahoo.com.br', '0900-055-9689', decode('3278079c7b229784fe97ac0186fb727381ce3f297be461276950887029b7cafa', 'hex')),

-- Inserção de usuários
INSERT INTO users (name, email, cell, password) VALUES
('Davi Lucas Araújo', 'ipereira@da.net', '(011) 6382 8120', decode('527f9c5d2e56a0db74adb60a561601a026f3ffcaea2f57ef3de43768ce8a328d', 'hex')),
('Paulo da Rosa', 'cavalcantifelipe@gmail.com', '84 8709-4832', decode('01d6c3ea69990784ed4c9755c7af302abe9a3ddb72da845629acd7649b2367d3', 'hex')),
('João Viana', 'sophianascimento@gmail.com', '0800-373-1433', decode('63b06f3c655ab732dd52236efcf7405dbc7df888e50a75e552a5298489325cd1', 'hex')),
('Nicole Costa', 'mcaldeira@ig.com.br', '0300 598 3796', decode('5830629aae2cdbf111fc7342966229d4f518e562d3c2323dfad8a585dd275ebf', 'hex')),
('Emanuelly Freitas', 'moraesleonardo@gmail.com', '21 3685-0474', decode('15e2c1d0eb6412c754966b412521432706ea35af3e4eb3012a15d2249a0b3ee5', 'hex')),
('Srta. Eduarda Almeida', 'paulogomes@ig.com.br', '+55 21 0895 5527', decode('1cae8b4b54b68c3e71ce9a7a37cf9f0d9ed5217d27817e4b986a41c0d557e81e', 'hex')),
('Emanuel Moreira', 'sda-cunha@rezende.com', '+55 71 3254 6736', decode('1440b8ab2fb67cc64b8dc4a7470a34ec5a85fa93d0029b2bfa3bf06caac4122b', 'hex')),
('Heloísa Pires', 'otavio51@hotmail.com', '+55 (081) 1454 8969', decode('640f1e23b193a1aee79d07be2e6235ec1df550334c6815a8d7d5f8286c7ac194', 'hex')),
('Dra. Bruna Caldeira', 'livialima@gmail.com', '+55 11 0697-9402', decode('88a0557c00fba47026d0fe6fa0d727252f73b5a5cac30f926cb4ab6830321eac', 'hex')),
('Maitê Rezende', 'lorenasouza@fernandes.com', '0500 962 7856', decode('075775cf94ccb40bf0c5dbf597b533264d6f77ed27800042cd95a85a1c16b94a', 'hex')),
('Elisa Costa', 'lorenzoribeiro@hotmail.com', '31 3449 4701', decode('1d70015d427f68506f61a7b8f02b5dde053ab231d99d90f2bb9edc5f087f90d8', 'hex')),
('Maria Eduarda Gomes', 'laura27@lima.br', '+55 61 2683-9867', decode('f8de38b0f9daa9b441b94f8eedc84981bdf1e42b19b0c3a30ee6e2aca50f68fe', 'hex')),
('Cauã Pinto', 'enzocaldeira@alves.br', '+55 51 5530 8652', decode('d17ef76df187ba21ed855c9bbb2b59b8466fcf753a3763e46b098e306618d3ea', 'hex')),
('Thales Ramos', 'azevedobianca@uol.com.br', '+55 51 4214 1351', decode('498e0b7aad1cc3b6753815189507f3d17af54ed4d0d84f6fc7cfac2041d93c4f', 'hex')),
('Lorena Ribeiro', 'joao-miguelcardoso@hotmail.com', '21 4259-8032', decode('a4f2b23a3ec5309db66cb1bf28f86a976e04602177a28df1b0abf5390872d500', 'hex')),
('Lucca Cavalcanti', 'ryanferreira@yahoo.com.br', '+55 11 8636 2788', decode('776b416aa3eb273f5cf753daf014452ed2f606deda2066b72b6bbff4bb3f6f8f', 'hex')),
('Srta. Bárbara da Rocha', 'tnovaes@dias.com', '+55 51 0804 6615', decode('a972bec789bab11aeeec0ab18f06e19f34038ee1b9472d20926affeb5a8f3a57', 'hex')),
('Sophie Aragão', 'diasana-clara@bol.com.br', '81 6718 8153', decode('d3f70981d353818ae2e70e0521a00236c3951afec60d4391f26d483ba24d3a38', 'hex')),
('João Felipe Silveira', 'lopespedro-miguel@hotmail.com', '31 3507-4831', decode('2090dbefed2817291e310039923419cbec5abbb3aca50daf64eaa72bcc2d1f36', 'hex')),
('Dra. Natália Mendes', 'ferreiraenzo-gabriel@gmail.com', '+55 (084) 0307-5170', decode('989d213bc9a3b4b27b6697054315d610d7f34869b5b8468e4038a9a81856b5ba', 'hex')),
('Lavínia Costela', 'luiz-miguel83@souza.br', '(021) 0266-1935', decode('a1b9f945d627c2f78ece26c199a85b8d773d6e1d087a506b5f64422a8e059dd7', 'hex')),
('Stella Mendes', 'lucas01@uol.com.br', '+55 (041) 7411 7990', decode('9361134dd86ba2dedfe174308d465e58c402adcf3e5f79870e8c21c75ac70873', 'hex')),
('Caroline Silva', 'drocha@yahoo.com.br', '+55 (031) 8399-7317', decode('4926dd5c45b63f5c18102aa1ccf709192878a23bb3b26db44dc85c11ba67127c', 'hex')),
('Ana Julia Nunes', 'gcostela@lima.br', '(084) 7870 1990', decode('8aa8dba3c910ca3eea4c7275d5a9251c46a1fbbfcd91c5546343da6951a07d89', 'hex')),
('Marcelo Oliveira', 'ada-mata@carvalho.org', '(031) 0567 6253', decode('ddd451f35892bd70ed6053a32c36437904963c8c824369f48e0bbceb98c9d43c', 'hex')),
('Alice Silva', 'vda-conceicao@ig.com.br', '(084) 3612 7207', decode('4a9743bb344848fc14f525b9120a63161043745547064a9cae6e10b8f6638ea9', 'hex')),
('Dra. Rafaela Cavalcanti', 'biancabarbosa@bol.com.br', '21 1617-3686', decode('8900761c8fd3ffae078860141b866fbfc50d4113b00aef1025f9ca1a021de438', 'hex')),
('Maria Eduarda Rezende', 'eduardoda-mata@gmail.com', '51 7750 2379', decode('85b8bb415c3b68d9b759b753268e03bb02036cd22882c37e11c29c243787ed36', 'hex')),
('Davi Lucas da Rocha', 'peixotodavi-luiz@duarte.br', '41 6904 1526', decode('c1d5d79d8d7355c87fcc4722c4e012fb7d986e4188c954049af62d00fa6b6736', 'hex')),
('Cauã Almeida', 'mda-cunha@dias.br', '0800 257 5685', decode('6e677c058dd5cf4fc235d079de80398a5d258eba1175bfe467f97fe747559a69', 'hex')),
('Bryan Nunes', 'ana-carolinabarbosa@cunha.com', '(031) 1613 2299', decode('e705c78287c630dcdd9a89b8df34839ca1aa7730815cffe4b02b9ff7d22c9524', 'hex')),
('Sofia Silva', 'yago52@peixoto.net', '(011) 1993 1698', decode('f8ed52fc4b61a47ceded413f3f39edf72c9f4452fc6fef0e7b743fe32cd12360', 'hex')),
('Enzo Gabriel Nunes', 'vcavalcanti@martins.org', '81 3431 1517', decode('fbc7b435aba26c11f5888fa23d42175bf63084cc33854bdd953ae4514cc8b8e5', 'hex')),
('Sra. Maria Luiza Sales', 'monteironicolas@barros.com', '11 0332-0476', decode('71e152e832c96bbf1122f3b6e3dc52bfd3d662e3578a704efd6183d5b77b0338', 'hex')),
('Milena Pires', 'pintojulia@hotmail.com', '0900 106 8260', decode('79e12059f13717d1280982bf2f655c93cd13d1ffc358411025bc64a38c318eab', 'hex')),
('Bianca Alves', 'gomestheo@porto.com', '0300 500 1393', decode('a521f42d77b9ce39bd2e360130465c345b019511402e7d0dd5beecd8dbefdecd', 'hex')),
('Pedro Henrique Almeida', 'maria-sophiada-luz@da.com', '(011) 9417 5463', decode('61f2668881472d0cfd654b1b657280b715c0fc845e63d7e36a46092dbff792e4', 'hex')),
('Srta. Ana Mendes', 'caroline00@gmail.com', '41 0379-8554', decode('3719fe88e33d4e0c07998de5a08cc42e0682a1fbbde12cc8d87d66f1113053c1', 'hex')),
('João Miguel Fogaça', 'kmelo@uol.com.br', '+55 81 3393-5603', decode('6f2b7d5133a5c31c9be44201b90c794c9cb497bd148384b2ad500c9ef7ad23b0', 'hex')),
('Maria Julia Fernandes', 'mnogueira@bol.com.br', '+55 (051) 7037 4679', decode('af38033a7a682459c2dc92920a6b61e436216fe4fd13781728966c36e7f4a59d', 'hex')),
('Kaique Rocha', 'theoda-costa@uol.com.br', '0500-091-9388', decode('fd4adde89656901b3d6474c6ce8ee52c94b265850639fd3ab908b229a423c92a', 'hex')),
('Augusto Correia', 'piresjoao-pedro@uol.com.br', '+55 (011) 3094-2897', decode('f725f19571e1df4949072c3994007ebefb39accaf4b6aa0f306df6c93521f015', 'hex')),
('Daniela Almeida', 'diasaugusto@gmail.com', '(011) 7653-7688', decode('c94b6e8be20d5a8ecec7f72379377703d232cc839de3b3a546a1eaa158c615ae', 'hex')),
('Sophia Caldeira', 'ramosdavi-luiz@nascimento.br', '+55 21 0718 1628', decode('255a15474438b2b9f64943f3e9c30977bad68cf3d0645b8dc6ce73ff90f36fd0', 'hex')),
('Caroline Rezende', 'ninanascimento@duarte.br', '+55 11 8541-9139', decode('19118d753c50065932ea02764b95e854b13e0032ef55a5e957a40e9e07f000f0', 'hex')),
('Eloah Duarte', 'almeidacaue@yahoo.com.br', '+55 (071) 6129-1760', decode('5dc4f81c7b5d7ed60d28a11492fc2f64bbbfb00fb40e84585f0ac0008c553999', 'hex')),
('Diogo Rocha', 'pedrovieira@hotmail.com', '81 2214-6734', decode('537fb29ab30eae73823d2273315df2e62ca323af35412a33a10425da32da666a', 'hex')),
('Srta. Alice Moraes', 'paulojesus@dias.br', '0900 025 5925', decode('6f160bc606a50665b30b392b1c1031aaff53616925228c247d4d9c1c0342bb2d', 'hex')),
('Vitor Hugo Almeida', 'laura02@yahoo.com.br', '11 3825-7587', decode('1d4ab66273776f5ffe5d5d3e1564fbdde54e908843a3cb631b57fe6cd17455df', 'hex')),
('Vitor Gabriel Araújo', 'hfreitas@costela.com', '+55 (081) 0561-7487', decode('3ee8496b0da677d8cd7293e80c501c1a41896fc38960088449d3914d75331a96', 'hex')),
('Sra. Daniela Rezende', 'ana-julia61@costa.br', '0300 929 0507', decode('524a73ae12d7e77e36595957745bedfc4c1bd087d8b65d4623e9e4b4c57b2335', 'hex')),
('Lucas Gabriel Peixoto', 'glopes@da.com', '+55 61 2103-1665', decode('1d14d035d939e1bef7239010db710ec905107cb1fa919402b1d8dc100bf13090', 'hex')),
('Marcelo Nunes', 'wpereira@mendes.net', '0900 891 7519', decode('4320d21b020821c1737270278e8b062bfb73c639ac633119f48a6d2e9a9823ab', 'hex')),
('Arthur Peixoto', 'vianajoao@uol.com.br', '+55 81 3583 5001', decode('8d6b1b740d8a56b6f01953c72c916a4b9c7e307e8143cfce3db549f255eebba3', 'hex')),
('Luna Costela', 'maria-fernandacampos@aragao.br', '0300-761-7390', decode('58e0cecfe8f14ec3fdf387218cffd8d9da2974803c6f8e5a8d6cc6633672ceaa', 'hex')),
('Danilo Cunha', 'sofiacardoso@yahoo.com.br', '+55 11 8657-7865', decode('264747e6943c2fd96b5c8670ecb39162e700582d0b6f7dc85cace941f4dc7e8b', 'hex')),
('Bruno Silva', 'doliveira@da.org', '0900-186-6459', decode('d64773eac5f2bae8da3d328cba8ace0cf91fbb037d34e79efe9e5976d1f8d13c', 'hex')),
('Nicolas Fogaça', 'calebe06@bol.com.br', '(061) 3574-1087', decode('fd30530c4d117b5030eda918ad6aff36d283cf1d012f26ba6b6d56cc2c564ff4', 'hex')),
('Pietra Moura', 'pietro32@da.com', '(061) 7515 3558', decode('4f16a03cc15015996babedeecc6b66b5b01655c48efa59bba514804dd3fe0d17', 'hex')),
('Antônio Rocha', 'monteiroemilly@yahoo.com.br', '+55 (021) 8942 0787', decode('c8030a96b94ecb286d97ab2805966d24b2234106a8bccb629e629616f95943dd', 'hex')),
('Alice Alves', 'da-cruzclara@rocha.com', '0900 404 3236', decode('fc17eff9239c625339077ecc16b83f31cba84659bd14bbd7d0ac792f311fc4ba', 'hex')),
('Kaique Costela', 'da-cunhahelena@ribeiro.com', '+55 (031) 1938 7921', decode('edf64eb66715c2c420655871679a36c014fbfdffd3f7b732402f9263acc30e10', 'hex')),
('Laura Nunes', 'mcastro@correia.com', '31 0439-3735', decode('372e0b80822d1682c6653021949a200f8d527f8bd1379f067032b415bd2d56c1', 'hex')),
('Heloísa Ferreira', 'juan61@uol.com.br', '31 2651 2162', decode('05c6a894e010ad62e3ba3b9c92d1f231586a8c0e801d769d707468252e2ac0a2', 'hex')),
('João Vitor Ribeiro', 'cauamartins@da.br', '+55 (071) 3618-0060', decode('132e94481f326d9a6fcc8b6b187376b828fa31e35a5898b29efcc0f780126928', 'hex')),
('Luiz Henrique Ferreira', 'arthur78@sales.br', '+55 (041) 3012-5343', decode('666477706f95df117bbddd1488a77ce2e1a27e6d3be97d7f3511a0cf1cb51bb4', 'hex')),
('Beatriz Aragão', 'opinto@hotmail.com', '+55 81 7971 5466', decode('b60068f889b3cb716a6bfd882c13b8c425a1d618d3fa7235703f6c2f582c8dff', 'hex'));

-- Inserção de configurações de usuário
INSERT INTO user_settings (user_id, notifications_enabled, response_mode) VALUES
(1, TRUE, 'default'),
(2, TRUE, 'default'),
(3, FALSE, 'default'),
(4, TRUE, 'default'),
(5, TRUE, 'default'),
(6, TRUE, 'default'),
(7, TRUE, 'default'),
(8, TRUE, 'default'),
(9, FALSE, 'default'),
(10, TRUE, 'default'),
(11, TRUE, 'default'),
(12, TRUE, 'default'),
(13, TRUE, 'default'),
(14, TRUE, 'default'),
(15, TRUE, 'default'),
(16, TRUE, 'default'),
(17, FALSE, 'default'),
(18, TRUE, 'default'),
(19, FALSE, 'default'),
(20, FALSE, 'default'),
(21, TRUE, 'default'),
(22, TRUE, 'default'),
(23, FALSE, 'default'),
(24, FALSE, 'default'),
(25, FALSE, 'default'),
(26, TRUE, 'default'),
(27, TRUE, 'default'),
(28, FALSE, 'default'),
(29, TRUE, 'default'),
(30, TRUE, 'default'),
(31, FALSE, 'default'),
(32, TRUE, 'default'),
(33, FALSE, 'default'),
(34, FALSE, 'default'),
(35, FALSE, 'default'),
(36, TRUE, 'default'),
(37, FALSE, 'default'),
(38, TRUE, 'default'),
(39, FALSE, 'default'),
(40, TRUE, 'default'),
(41, FALSE, 'default'),
(42, FALSE, 'default'),
(43, TRUE, 'default'),
(44, TRUE, 'default'),
(45, TRUE, 'default'),
(46, TRUE, 'default'),
(47, FALSE, 'default'),
(48, TRUE, 'default'),
(49, TRUE, 'default'),
(50, TRUE, 'default'),
(51, FALSE, 'default'),
(52, FALSE, 'default'),
(53, FALSE, 'default'),
(54, FALSE, 'default'),
(55, TRUE, 'default'),
(56, FALSE, 'default'),
(57, FALSE, 'default'),
(58, TRUE, 'default'),
(59, FALSE, 'default'),
(60, TRUE, 'default'),
(61, TRUE, 'default'),
(62, TRUE, 'default'),
(63, TRUE, 'default'),
(64, FALSE, 'default'),
(65, FALSE, 'default'),
(66, FALSE, 'default'),
(67, TRUE, 'default'),
(68, FALSE, 'default'),
(69, TRUE, 'default'),
(70, TRUE, 'default'),
(71, TRUE, 'default'),
(72, FALSE, 'default'),
(73, FALSE, 'default'),
(74, FALSE, 'default'),
(75, TRUE, 'default'),
(76, TRUE, 'default'),
(77, FALSE, 'default'),
(78, TRUE, 'default'),
(79, FALSE, 'default'),
(80, FALSE, 'default'),
(81, FALSE, 'default'),
(82, TRUE, 'default'),
(83, FALSE, 'default'),
(84, TRUE, 'default'),
(85, TRUE, 'default'),
(86, FALSE, 'default'),
(87, FALSE, 'default'),
(88, FALSE, 'default'),
(89, FALSE, 'default'),
(90, TRUE, 'default'),
(91, TRUE, 'default'),
(92, FALSE, 'default'),
(93, TRUE, 'default'),
(94, TRUE, 'default'),
(95, TRUE, 'default'),
(96, TRUE, 'default'),
(97, TRUE, 'default'),
(98, FALSE, 'default'),
(99, TRUE, 'default'),
(100, FALSE, 'default');

-- Inserção de contas financeiras
INSERT INTO finance_accounts (user_id, name, type, initial_balance) VALUES
(49, 'Cum Conta', 'other', 2692.66),
(71, 'Esse Conta', 'checking', 3433.39),
(15, 'Officia Conta', 'investment', 3866.13),
(44, 'Possimus Conta', 'checking', 1538.15),
(21, 'Natus Conta', 'other', 115.9),
(93, 'A Conta', 'investment', 4862.25),
(98, 'Ex Conta', 'savings', 2587.64),
(14, 'Eos Conta', 'investment', 4224.18),
(65, 'Culpa Conta', 'savings', 848.91),
(98, 'Maiores Conta', 'savings', 2742.96),
(100, 'Aspernatur Conta', 'checking', 3034.83),
(63, 'Ea Conta', 'checking', 648.15),
(47, 'Animi Conta', 'investment', 1273.32),
(31, 'Quae Conta', 'checking', 519.7),
(63, 'Recusandae Conta', 'checking', 4892.12),
(69, 'Molestias Conta', 'savings', 729.12),
(61, 'Praesentium Conta', 'savings', 1398.78),
(78, 'Ut Conta', 'other', 4825.38),
(70, 'Recusandae Conta', 'savings', 3593.45),
(52, 'Sed Conta', 'investment', 2246.69),
(67, 'Nam Conta', 'other', 692.92),
(29, 'Fuga Conta', 'checking', 1756.62),
(76, 'Sequi Conta', 'savings', 2983.36),
(1, 'Totam Conta', 'checking', 3568.42),
(8, 'Atque Conta', 'savings', 430.26),
(5, 'Dolores Conta', 'investment', 447.2),
(31, 'Iusto Conta', 'investment', 3377.99),
(28, 'Perspiciatis Conta', 'savings', 3644.43),
(74, 'Aut Conta', 'other', 1290.69),
(61, 'Accusantium Conta', 'other', 1033.01),
(13, 'Iure Conta', 'other', 1836.06),
(53, 'Exercitationem Conta', 'other', 4332.8),
(7, 'Temporibus Conta', 'checking', 397.0),
(94, 'Eaque Conta', 'investment', 4022.9),
(14, 'At Conta', 'savings', 1038.79),
(69, 'Modi Conta', 'other', 786.89),
(24, 'Eum Conta', 'investment', 2366.88),
(10, 'Eum Conta', 'other', 4059.31),
(71, 'Iste Conta', 'checking', 347.88),
(70, 'Debitis Conta', 'checking', 4848.08),
(97, 'Voluptas Conta', 'savings', 914.92),
(63, 'Officia Conta', 'other', 1147.36),
(52, 'Dignissimos Conta', 'checking', 906.72),
(1, 'Voluptatem Conta', 'other', 1399.49),
(59, 'Laborum Conta', 'investment', 2172.74),
(94, 'Officia Conta', 'other', 858.5),
(38, 'Ipsa Conta', 'savings', 4846.68),
(75, 'Optio Conta', 'checking', 3765.08),
(8, 'Vel Conta', 'checking', 2962.47),
(65, 'Maxime Conta', 'savings', 378.71),
(66, 'Veritatis Conta', 'checking', 4271.58),
(9, 'Unde Conta', 'checking', 3408.54),
(31, 'Corporis Conta', 'other', 687.44),
(73, 'Dolorum Conta', 'savings', 2936.7),
(6, 'Mollitia Conta', 'checking', 2154.2),
(75, 'Magnam Conta', 'investment', 4680.06),
(27, 'Tempore Conta', 'investment', 1269.56),
(51, 'Ad Conta', 'savings', 3391.28),
(39, 'Magnam Conta', 'other', 1649.27),
(97, 'Autem Conta', 'checking', 145.65),
(80, 'Temporibus Conta', 'checking', 458.98),
(28, 'Quod Conta', 'investment', 749.04),
(45, 'Sunt Conta', 'checking', 4408.42),
(48, 'Quis Conta', 'investment', 872.96),
(70, 'Magni Conta', 'investment', 3097.22),
(84, 'Autem Conta', 'checking', 3372.53),
(71, 'Officiis Conta', 'investment', 4665.6),
(14, 'Eveniet Conta', 'savings', 1395.88),
(14, 'Eligendi Conta', 'savings', 1434.51),
(78, 'Sint Conta', 'savings', 3616.3),
(27, 'Natus Conta', 'investment', 2576.5),
(33, 'Repellendus Conta', 'checking', 552.26),
(55, 'Tenetur Conta', 'investment', 316.03),
(43, 'Praesentium Conta', 'savings', 3221.86),
(34, 'Nulla Conta', 'savings', 3732.03),
(71, 'Cumque Conta', 'other', 2848.44),
(15, 'Pariatur Conta', 'checking', 4730.75),
(89, 'Quaerat Conta', 'savings', 2773.39),
(48, 'Dolorem Conta', 'savings', 2205.95),
(6, 'Corporis Conta', 'investment', 1886.79),
(6, 'Alias Conta', 'investment', 1129.38),
(32, 'Laborum Conta', 'checking', 1833.03),
(72, 'Veniam Conta', 'other', 4871.8),
(96, 'Id Conta', 'savings', 4636.24),
(31, 'Vitae Conta', 'savings', 4883.41),
(23, 'Cum Conta', 'other', 221.45),
(95, 'Magnam Conta', 'investment', 3933.69),
(53, 'Ab Conta', 'savings', 1407.35),
(90, 'Rem Conta', 'checking', 1974.45),
(5, 'Facilis Conta', 'other', 1189.93),
(59, 'Voluptates Conta', 'investment', 1595.44),
(30, 'Ipsum Conta', 'savings', 215.96),
(25, 'Incidunt Conta', 'other', 1708.48),
(9, 'Tempora Conta', 'investment', 1820.62),
(66, 'Nobis Conta', 'other', 3429.64),
(69, 'Sequi Conta', 'investment', 4702.26),
(15, 'Cupiditate Conta', 'investment', 974.98),
(34, 'Ipsam Conta', 'checking', 631.17),
(56, 'Accusantium Conta', 'investment', 3669.87),
(41, 'Voluptas Conta', 'other', 3070.42),
(66, 'Exercitationem Conta', 'checking', 1987.46),
(74, 'Quos Conta', 'savings', 1348.14),
(91, 'Occaecati Conta', 'other', 108.29),
(69, 'Illum Conta', 'savings', 1884.69),
(9, 'Repellendus Conta', 'investment', 3153.46),
(85, 'Quaerat Conta', 'checking', 3626.8),
(39, 'Ex Conta', 'investment', 3367.78),
(42, 'Perferendis Conta', 'other', 3516.32),
(71, 'Placeat Conta', 'savings', 1040.02),
(86, 'Non Conta', 'other', 3418.86),
(23, 'Exercitationem Conta', 'investment', 2089.77),
(1, 'Ducimus Conta', 'investment', 1505.88),
(56, 'Molestias Conta', 'investment', 2378.44),
(57, 'Pariatur Conta', 'savings', 2604.75),
(95, 'Ut Conta', 'savings', 3328.37),
(37, 'Quidem Conta', 'investment', 557.6),
(97, 'Nulla Conta', 'savings', 3396.7),
(29, 'Illum Conta', 'savings', 822.03),
(6, 'Numquam Conta', 'savings', 4921.29),
(79, 'Inventore Conta', 'checking', 2331.54),
(81, 'Repudiandae Conta', 'savings', 3619.89),
(50, 'Vitae Conta', 'other', 2058.3),
(19, 'Eius Conta', 'checking', 4474.03),
(99, 'Rerum Conta', 'checking', 3914.26),
(29, 'Laudantium Conta', 'savings', 4040.14),
(90, 'Voluptate Conta', 'other', 346.07),
(32, 'Dignissimos Conta', 'checking', 2336.66),
(60, 'Accusantium Conta', 'investment', 4755.19),
(57, 'Laudantium Conta', 'other', 4169.79),
(71, 'Ullam Conta', 'other', 4496.32),
(96, 'Temporibus Conta', 'other', 2305.34),
(97, 'Accusantium Conta', 'savings', 4215.33),
(36, 'Distinctio Conta', 'other', 3171.07),
(36, 'Dicta Conta', 'other', 479.67),
(37, 'Culpa Conta', 'savings', 1431.4),
(41, 'Dolores Conta', 'checking', 778.03),
(30, 'Repudiandae Conta', 'other', 3500.35),
(91, 'Deleniti Conta', 'savings', 414.72),
(53, 'Excepturi Conta', 'investment', 2758.79),
(54, 'Quam Conta', 'checking', 1113.49),
(54, 'Deleniti Conta', 'other', 4533.71),
(75, 'Sed Conta', 'checking', 4297.99),
(98, 'Dolorum Conta', 'other', 2437.2),
(46, 'Suscipit Conta', 'investment', 3792.03),
(54, 'Ex Conta', 'savings', 2492.32),
(35, 'Fugiat Conta', 'other', 2479.65),
(50, 'Veritatis Conta', 'investment', 3377.48),
(52, 'Rem Conta', 'savings', 4218.48),
(17, 'Distinctio Conta', 'checking', 4543.95),
(76, 'Hic Conta', 'checking', 511.34);

-- Inserção de categorias
INSERT INTO categories (user_id, name, limit_total_flow) VALUES
(55, 'Lazer Ex', 4360.89),
(24, 'Mercado Ducimus', 1448.75),
(42, 'Educação Natus', 2382.56),
(44, 'Aluguel Aut', 1535.63),
(54, 'Saúde Excepturi', 4207.57),
(61, 'Mercado Aspernatur', 3795.32),
(7, 'Roupas Minus', 1276.27),
(9, 'Mercado Voluptatem', 3820.32),
(32, 'Educação Animi', 4228.3),
(80, 'Lazer Quas', 1345.02),
(61, 'Transporte Enim', 2907.05),
(28, 'Viagens Voluptatibus', 3557.43),
(99, 'Roupas Occaecati', 1005.39),
(78, 'Transporte Corrupti', 3933.4),
(21, 'Saúde Praesentium', 718.87),
(4, 'Saúde Occaecati', 2963.82),
(49, 'Aluguel Corrupti', 4719.06),
(26, 'Transporte Iure', 3042.07),
(81, 'Educação Sed', 689.13),
(99, 'Saúde Quisquam', 4281.41),
(77, 'Transporte Ut', 4021.89),
(73, 'Mercado Repudiandae', 1866.58),
(55, 'Roupas Tempore', 530.99),
(83, 'Roupas Nostrum', 260.73),
(54, 'Viagens Cupiditate', 706.59),
(47, 'Viagens Veniam', 3595.08),
(56, 'Lazer Similique', 3722.22),
(84, 'Saúde Molestiae', 3156.38),
(69, 'Viagens Occaecati', 2431.39),
(94, 'Investimentos Nemo', 1488.3),
(32, 'Transporte Sint', 1538.86),
(58, 'Educação Deleniti', 3802.29),
(73, 'Investimentos Perferendis', 3407.3),
(44, 'Mercado Perferendis', 2572.67),
(42, 'Lazer Earum', 2540.24),
(46, 'Saúde Ipsa', 1833.63),
(77, 'Saúde Consequatur', 2867.8),
(67, 'Educação Earum', 610.94),
(93, 'Aluguel At', 2545.17),
(98, 'Educação Id', 3514.92),
(83, 'Viagens Ducimus', 2351.24),
(3, 'Transporte Blanditiis', 1612.33),
(52, 'Educação Adipisci', 1669.79),
(75, 'Roupas Quae', 2471.65),
(68, 'Roupas Assumenda', 2242.42),
(96, 'Serviços Recusandae', 1787.8),
(90, 'Viagens Tempore', 1500.4),
(33, 'Educação Vero', 779.15),
(25, 'Roupas Quidem', 773.86),
(69, 'Lazer Tempore', 1119.4),
(95, 'Viagens Reprehenderit', 1527.2),
(76, 'Serviços Consequatur', 3064.6),
(13, 'Educação Non', 1621.98),
(47, 'Lazer Iure', 1650.88),
(91, 'Serviços Minus', 807.6),
(6, 'Mercado Corrupti', 2856.12),
(90, 'Lazer Beatae', 3261.77),
(97, 'Viagens Corrupti', 692.42),
(2, 'Investimentos Consequuntur', 1564.83),
(62, 'Viagens Occaecati', 1835.39),
(7, 'Saúde Iusto', 4717.11),
(62, 'Transporte Provident', 4146.16),
(52, 'Viagens Quos', 555.59),
(81, 'Mercado Odit', 928.29),
(73, 'Saúde Tempora', 608.87),
(32, 'Transporte Voluptatem', 2878.75),
(54, 'Investimentos Ab', 3061.41),
(80, 'Educação Consequuntur', 3923.33),
(49, 'Viagens Iusto', 4560.82),
(39, 'Investimentos In', 4952.15),
(40, 'Investimentos Culpa', 3180.93),
(79, 'Transporte Itaque', 4748.43),
(27, 'Educação Quos', 1470.3),
(11, 'Lazer Voluptatibus', 1351.35),
(71, 'Transporte Optio', 951.36),
(53, 'Viagens Quaerat', 3508.98),
(61, 'Saúde Doloribus', 356.67),
(37, 'Saúde Quibusdam', 3574.34),
(59, 'Transporte Nam', 3499.45),
(34, 'Investimentos Occaecati', 3373.68),
(26, 'Aluguel Blanditiis', 750.93),
(29, 'Lazer A', 4560.37),
(19, 'Transporte Nulla', 486.26),
(40, 'Investimentos Ut', 3795.0),
(73, 'Saúde Tenetur', 2307.94),
(60, 'Saúde Voluptate', 3558.72),
(35, 'Serviços Officia', 2791.91),
(57, 'Transporte Facere', 3070.58),
(56, 'Roupas Saepe', 3097.83),
(4, 'Transporte Amet', 1298.84),
(87, 'Investimentos Dignissimos', 3018.19),
(3, 'Saúde Doloribus', 2965.99),
(98, 'Lazer Cumque', 2458.4),
(84, 'Viagens Sit', 4597.15),
(24, 'Investimentos Doloribus', 2292.25),
(63, 'Transporte Eaque', 2456.05),
(53, 'Roupas Excepturi', 1741.08),
(14, 'Lazer Rerum', 1783.06),
(89, 'Viagens Et', 1583.45),
(52, 'Serviços Laborum', 376.15),
(12, 'Roupas Quae', 1411.51),
(15, 'Aluguel Aliquid', 4351.57),
(1, 'Serviços Eum', 2417.49),
(7, 'Educação Mollitia', 2688.51),
(80, 'Viagens Placeat', 3201.96),
(98, 'Mercado Autem', 1177.08),
(71, 'Lazer Accusantium', 4652.83),
(57, 'Viagens Neque', 782.85),
(81, 'Investimentos Cum', 4036.71),
(91, 'Lazer Sed', 1691.6),
(2, 'Serviços Veritatis', 2158.36),
(29, 'Transporte Officia', 2414.95),
(16, 'Lazer Odit', 2592.2),
(92, 'Saúde Et', 2642.59),
(35, 'Aluguel Nisi', 4206.67),
(61, 'Educação Tempora', 2392.58),
(19, 'Aluguel Nam', 1114.93),
(77, 'Serviços Nam', 3782.2),
(18, 'Transporte Laudantium', 1525.99),
(54, 'Roupas Animi', 4684.39),
(65, 'Saúde Officia', 4138.64),
(37, 'Saúde Voluptatem', 4219.88),
(75, 'Viagens Maiores', 4353.25),
(58, 'Serviços Cum', 2524.84),
(43, 'Serviços Ratione', 3861.79),
(49, 'Viagens Nihil', 4677.69),
(25, 'Educação Dolorum', 2944.63),
(30, 'Aluguel Voluptatum', 409.51),
(96, 'Viagens Magnam', 3585.09),
(49, 'Aluguel Reprehenderit', 4944.39),
(84, 'Lazer Voluptate', 2577.58),
(5, 'Lazer Quas', 2611.0),
(76, 'Roupas Eius', 4374.56),
(57, 'Transporte Inventore', 2724.57),
(59, 'Mercado Incidunt', 3667.73),
(53, 'Lazer Recusandae', 559.18),
(34, 'Roupas Pariatur', 3191.65),
(51, 'Transporte Repudiandae', 4288.47),
(87, 'Serviços Ab', 2024.05),
(41, 'Viagens Minus', 4387.44),
(5, 'Investimentos Expedita', 528.42),
(81, 'Saúde Tempora', 4987.64),
(96, 'Transporte Nobis', 2283.06),
(13, 'Transporte Culpa', 2329.66),
(89, 'Saúde Delectus', 4536.44),
(6, 'Roupas Voluptatem', 4021.49),
(38, 'Roupas Officiis', 1999.24),
(19, 'Educação Voluptas', 2749.6),
(73, 'Lazer Non', 1015.92),
(11, 'Investimentos Tempore', 4380.03),
(80, 'Educação Reprehenderit', 2588.8),
(75, 'Lazer Ex', 1314.5),
(82, 'Saúde Aliquid', 2405.94),
(86, 'Mercado Consectetur', 4514.76),
(60, 'Saúde Quos', 3452.53),
(21, 'Transporte Ducimus', 2320.3),
(45, 'Investimentos Quos', 1635.94),
(55, 'Saúde Laborum', 2392.81),
(39, 'Educação Ea', 4996.99),
(62, 'Transporte Dignissimos', 1338.59),
(74, 'Roupas Dolorum', 2959.1),
(90, 'Saúde Quia', 305.31),
(85, 'Aluguel Pariatur', 1517.51),
(73, 'Mercado Quae', 4570.96),
(96, 'Viagens Officia', 4197.63),
(37, 'Educação Excepturi', 3113.91),
(46, 'Educação Excepturi', 3255.77),
(80, 'Saúde Dolor', 3453.27),
(93, 'Lazer Eveniet', 3215.59),
(81, 'Mercado Harum', 1682.88),
(57, 'Mercado Magni', 2981.95),
(94, 'Lazer Impedit', 632.64),
(38, 'Roupas Eius', 3787.91),
(23, 'Educação Ex', 834.37),
(70, 'Roupas Repudiandae', 2748.09),
(35, 'Lazer Delectus', 1433.46),
(62, 'Saúde Laboriosam', 3783.48),
(44, 'Transporte Dignissimos', 2447.99),
(10, 'Lazer Quia', 3819.93),
(29, 'Aluguel Alias', 4842.89),
(72, 'Roupas Perspiciatis', 633.45),
(51, 'Mercado Quod', 1469.4),
(16, 'Viagens Cupiditate', 1969.21),
(96, 'Saúde A', 3005.89),
(82, 'Roupas Recusandae', 720.06),
(30, 'Viagens Consequuntur', 320.12),
(72, 'Roupas Nulla', 4593.23),
(29, 'Transporte Quae', 3249.94),
(60, 'Saúde Illo', 3316.35),
(15, 'Lazer Architecto', 417.66),
(5, 'Saúde Magni', 4980.45),
(15, 'Transporte Quas', 1327.04),
(69, 'Lazer Assumenda', 2065.5),
(48, 'Serviços Nihil', 2211.81),
(96, 'Lazer Dolore', 4449.99),
(84, 'Transporte Labore', 4201.73),
(79, 'Aluguel Optio', 4707.45),
(36, 'Mercado Ipsam', 3513.35),
(28, 'Viagens Illum', 2334.54),
(31, 'Roupas Veniam', 676.9);

-- Inserção de transações
INSERT INTO transactions (account_id, category_id, amount, type, description, date) VALUES
(95, 140, 902.68, 'expense', 'Officia consequuntur ipsum voluptatum.', '2025-01-19 10:36:22'),
(16, 102, 283.12, 'transfer', 'Blanditiis occaecati sed rem doloremque.', '2025-06-18 17:12:48'),
(117, 24, 666.14, 'expense', 'Facere possimus fuga impedit tempora sunt adipisci.', '2025-05-09 19:39:49'),
(6, 13, 788.93, 'income', 'Soluta laboriosam est et ipsa.', '2025-02-26 08:21:41'),
(33, 145, 213.15, 'expense', 'Molestiae ipsa nisi aperiam.', '2025-06-05 18:10:39'),
(142, 54, 590.52, 'expense', 'Ad est id aspernatur voluptatibus doloremque quaerat.', '2025-05-13 06:40:16'),
(60, 85, 776.62, 'expense', 'Corporis debitis consequatur ratione voluptate quibusdam aperiam.', '2025-04-21 03:28:30'),
(1, 71, 859.82, 'income', 'Vel occaecati magni facere voluptatum sint.', '2025-02-15 12:32:52'),
(34, 139, 258.15, 'income', 'Maxime est voluptatum nisi et explicabo.', '2025-06-07 03:43:16'),
(7, 34, 24.71, 'expense', 'Fugit totam atque corrupti doloremque placeat culpa.', '2025-04-11 22:34:22'),
(61, 151, 330.53, 'income', 'Non quibusdam ipsum doloremque omnis cumque quasi.', '2025-01-16 19:58:04'),
(14, 33, 744.3, 'expense', 'Voluptate eum culpa ut modi.', '2025-01-20 09:24:56'),
(17, 122, 453.79, 'expense', 'Laborum perspiciatis minus corporis libero.', '2025-02-18 16:53:31'),
(28, 116, 508.8, 'transfer', 'Voluptatem voluptas dolorem ullam quibusdam.', '2025-02-12 15:27:45'),
(12, 187, 785.39, 'expense', 'Perspiciatis dignissimos suscipit.', '2025-06-01 20:25:53'),
(134, 78, 463.46, 'transfer', 'Officiis voluptatum eos totam alias iure quam.', '2025-04-16 09:58:17'),
(16, 123, 848.83, 'expense', 'Quae nisi exercitationem cumque saepe quae.', '2024-12-24 19:09:33'),
(28, 126, 715.28, 'expense', 'Adipisci libero vitae sequi.', '2024-12-29 03:12:43'),
(21, 83, 612.21, 'income', 'Similique repudiandae minus mollitia veniam.', '2025-05-05 02:21:14'),
(71, 160, 636.75, 'expense', 'Sapiente aliquid quo.', '2025-04-02 16:13:18'),
(84, 98, 994.68, 'expense', 'Quisquam dolorum optio cupiditate natus laudantium sapiente.', '2025-06-04 13:15:48'),
(117, 130, 609.37, 'income', 'Magni consequuntur adipisci ex delectus maiores dolor.', '2025-05-02 19:33:24'),
(30, 168, 654.41, 'expense', 'Enim sed ea qui.', '2025-01-04 06:58:04'),
(56, 111, 457.04, 'income', 'Perspiciatis cupiditate odio dolorem dolore quo saepe.', '2025-05-11 09:42:33'),
(87, 117, 404.74, 'expense', 'Perspiciatis ipsum quos necessitatibus veritatis sequi.', '2025-03-22 03:14:39'),
(81, 110, 319.4, 'income', 'Omnis impedit impedit eligendi.', '2025-03-05 02:49:11'),
(40, 176, 923.76, 'income', 'Quae quas quos voluptates assumenda commodi modi.', '2025-03-21 15:57:29'),
(22, 24, 437.56, 'expense', 'Sapiente fuga ab temporibus consectetur eius rerum ipsa.', '2025-04-19 01:53:00'),
(96, 34, 560.81, 'expense', 'Fugiat soluta quas dolorem at deleniti voluptatem.', '2025-02-22 13:19:18'),
(144, 144, 336.35, 'income', 'Hic debitis amet sed.', '2025-05-15 03:37:53'),
(91, 171, 941.72, 'expense', 'Ullam amet perferendis beatae necessitatibus sed esse.', '2025-05-17 15:16:10'),
(14, 74, 604.41, 'expense', 'Quaerat tempore in deserunt architecto at.', '2025-01-15 05:09:08'),
(148, 130, 220.61, 'expense', 'Provident repellat nemo possimus autem aperiam.', '2025-01-15 11:54:01'),
(58, 28, 356.61, 'expense', 'Debitis reiciendis error.', '2025-02-06 00:59:17'),
(30, 196, 285.78, 'income', 'Nostrum quia voluptates porro ut quis.', '2025-06-08 23:43:03'),
(110, 144, 974.8, 'expense', 'Laboriosam necessitatibus provident eius.', '2025-06-06 01:47:34'),
(143, 7, 612.9, 'expense', 'Eum in amet aliquid placeat totam similique voluptatibus.', '2025-05-04 02:42:11'),
(69, 8, 188.61, 'expense', 'Ullam eum reprehenderit aperiam debitis perferendis.', '2024-12-28 10:19:59'),
(80, 87, 357.51, 'income', 'Natus doloribus voluptatum culpa fugit.', '2025-04-13 18:05:40'),
(37, 145, 660.77, 'income', 'Non sapiente laudantium animi aspernatur possimus sequi.', '2025-04-25 05:17:25'),
(8, 24, 748.65, 'income', 'Laborum doloremque commodi delectus error.', '2025-03-08 00:21:05'),
(108, 117, 347.49, 'expense', 'Ex corporis at necessitatibus.', '2025-02-25 13:45:25'),
(84, 199, 941.99, 'expense', 'Maxime totam rem sapiente.', '2024-12-27 18:27:16'),
(14, 40, 165.84, 'expense', 'Minus nulla dolorum magni eum tempore repellat.', '2025-04-01 14:47:26'),
(21, 70, 448.68, 'expense', 'Repudiandae aut dolores quidem.', '2025-04-21 23:40:46'),
(114, 107, 280.44, 'expense', 'Unde asperiores debitis ea laboriosam maxime ratione.', '2025-01-05 11:49:03'),
(30, 89, 435.61, 'income', 'Alias vel sed dolorem corporis reiciendis.', '2025-02-22 17:10:15'),
(125, 135, 670.46, 'income', 'Sed autem dolorem nobis consequatur sequi nobis.', '2025-03-01 17:51:36'),
(102, 154, 64.23, 'income', 'Ad officiis ipsum vel itaque eum excepturi.', '2025-04-28 16:03:15'),
(55, 197, 145.86, 'income', 'Odio eos velit.', '2025-02-06 11:44:40'),
(84, 31, 17.65, 'expense', 'Exercitationem aliquam distinctio corrupti corrupti quod.', '2025-02-07 14:25:54'),
(45, 34, 386.41, 'expense', 'Harum alias non nulla ullam.', '2025-04-30 00:35:30'),
(129, 144, 835.02, 'expense', 'Eius ipsum iure impedit quaerat.', '2025-04-25 19:22:16'),
(19, 102, 863.15, 'income', 'Ut maxime exercitationem placeat praesentium.', '2025-02-26 23:14:23'),
(5, 118, 921.95, 'expense', 'Nostrum excepturi ratione optio ex minima.', '2025-05-29 21:15:43'),
(148, 110, 577.67, 'expense', 'Inventore delectus consequatur optio distinctio.', '2025-03-22 16:03:19'),
(107, 75, 124.02, 'income', 'Aspernatur officiis aliquam quo ducimus facilis.', '2025-02-28 16:17:43'),
(84, 44, 803.31, 'expense', 'Error voluptatem sequi esse impedit nostrum qui perspiciatis.', '2025-05-14 08:42:11'),
(93, 23, 442.34, 'income', 'Voluptatem atque cupiditate ad.', '2025-01-17 17:54:00'),
(112, 151, 406.45, 'income', 'Nesciunt nihil recusandae qui autem.', '2025-02-18 20:31:24'),
(80, 191, 346.12, 'expense', 'Odio eum quos.', '2024-12-23 09:39:26'),
(44, 20, 515.38, 'income', 'Sequi fuga occaecati.', '2025-03-16 04:15:52'),
(131, 50, 906.86, 'expense', 'Ratione voluptatibus ipsa eveniet voluptatem esse.', '2025-06-18 09:13:34'),
(38, 61, 111.78, 'income', 'Ea et pariatur architecto facilis quasi.', '2025-05-05 04:24:35'),
(45, 155, 161.34, 'expense', 'Perspiciatis eveniet error eius.', '2025-06-17 11:24:10'),
(20, 46, 951.78, 'expense', 'Fugit esse impedit exercitationem quod exercitationem.', '2025-04-19 18:50:16'),
(119, 194, 568.1, 'expense', 'Ullam sed aliquam adipisci iusto libero.', '2025-02-20 19:56:13'),
(145, 165, 638.95, 'expense', 'Magnam dolorum labore.', '2025-03-06 14:04:11'),
(81, 39, 445.37, 'expense', 'Enim molestias itaque doloribus iste aliquam.', '2025-05-31 22:09:01'),
(78, 71, 595.51, 'expense', 'Amet possimus unde excepturi odit corrupti.', '2025-01-15 05:37:45'),
(19, 80, 467.13, 'income', 'Omnis expedita quod vero omnis.', '2025-02-22 07:18:04'),
(95, 74, 85.96, 'expense', 'At nulla possimus neque exercitationem.', '2025-06-08 20:34:03'),
(24, 158, 598.14, 'expense', 'Ab aliquam rerum.', '2025-03-03 18:36:59'),
(149, 142, 954.69, 'expense', 'Sequi quas non officia.', '2025-01-20 23:34:07'),
(11, 116, 909.96, 'expense', 'Libero tenetur vero voluptates commodi rem itaque.', '2025-02-13 13:27:29'),
(49, 83, 608.96, 'expense', 'Eos non alias debitis ea animi.', '2025-01-05 20:56:09'),
(16, 116, 112.47, 'expense', 'Laudantium ipsa non sapiente.', '2025-05-01 19:32:54'),
(88, 183, 93.49, 'expense', 'Commodi iure voluptates laudantium beatae vitae ipsam eaque.', '2025-03-16 08:17:03'),
(11, 64, 710.55, 'transfer', 'Nesciunt non voluptate exercitationem cumque quam.', '2025-05-19 18:27:26'),
(135, 134, 613.71, 'expense', 'Aliquid numquam aliquam nam eligendi dolorum.', '2025-05-24 11:08:55'),
(73, 100, 414.68, 'expense', 'Beatae labore autem recusandae repellat facere.', '2025-01-03 19:26:48'),
(14, 162, 650.83, 'income', 'Distinctio laborum nisi doloremque harum eligendi mollitia.', '2025-04-27 23:33:01'),
(25, 143, 681.6, 'income', 'Numquam perspiciatis dolorem nostrum ea et rem odio.', '2025-03-03 04:54:09'),
(39, 86, 90.69, 'expense', 'Aspernatur cum id optio explicabo.', '2025-06-17 04:10:13'),
(90, 80, 968.02, 'expense', 'Voluptatibus quis asperiores.', '2025-05-11 01:14:57'),
(101, 34, 599.09, 'transfer', 'Voluptas at ut a totam nobis dicta.', '2025-02-03 05:20:54'),
(80, 144, 382.91, 'expense', 'Id similique velit necessitatibus sunt deserunt minima.', '2025-03-03 09:24:37'),
(33, 172, 705.8, 'transfer', 'Adipisci reiciendis cupiditate quaerat incidunt.', '2025-01-10 06:52:36'),
(135, 24, 649.56, 'expense', 'Reiciendis fuga dignissimos mollitia illum ad expedita itaque.', '2025-04-01 01:57:41'),
(93, 5, 368.97, 'income', 'Sint qui a provident dolore velit dolor.', '2025-02-09 08:57:03'),
(55, 88, 948.19, 'expense', 'Eius nisi ipsam accusamus.', '2025-01-27 22:54:50'),
(58, 36, 163.4, 'income', 'Esse ratione fugiat.', '2025-04-14 17:43:43'),
(26, 130, 773.17, 'expense', 'Illum aliquid voluptas ipsum.', '2025-04-26 17:36:03'),
(135, 10, 665.31, 'expense', 'Accusamus autem placeat tempora itaque assumenda nulla.', '2024-12-24 13:31:11'),
(34, 153, 382.95, 'income', 'Quod vero dolore ullam voluptatum itaque.', '2025-02-14 08:44:17'),
(43, 185, 443.3, 'expense', 'Sint assumenda neque.', '2025-04-18 11:08:15'),
(61, 114, 614.49, 'expense', 'Facilis eos unde eligendi.', '2025-03-22 23:48:57'),
(115, 60, 538.67, 'expense', 'Animi vero doloribus earum quam ex non.', '2025-05-09 01:26:37'),
(121, 50, 374.16, 'transfer', 'Quo harum ipsa accusamus impedit ducimus.', '2025-03-31 20:53:59'),
(113, 119, 771.74, 'expense', 'Inventore eaque vitae delectus optio.', '2025-01-16 14:17:50'),
(129, 136, 424.47, 'income', 'Explicabo pariatur incidunt totam ullam aspernatur.', '2025-01-04 04:46:17'),
(52, 155, 147.01, 'income', 'Ipsum eius ratione ullam ipsum beatae doloremque.', '2025-06-01 12:40:36'),
(124, 96, 559.0, 'income', 'Mollitia harum commodi.', '2025-02-01 17:29:10'),
(133, 32, 292.21, 'expense', 'Ab quidem in voluptatibus.', '2025-03-11 05:43:50'),
(70, 116, 906.25, 'income', 'Atque fugiat quas molestiae officia dicta illo.', '2024-12-26 08:30:07'),
(112, 24, 946.95, 'income', 'Dicta tenetur dolorum quos non iusto libero.', '2025-02-01 07:43:46'),
(116, 90, 931.17, 'expense', 'Corrupti iure provident rerum nulla illum.', '2025-03-13 14:02:50'),
(102, 129, 380.22, 'expense', 'Aut odio maiores at.', '2025-02-26 21:20:58'),
(21, 96, 232.29, 'expense', 'Aliquam magni voluptate nihil accusantium doloribus.', '2024-12-24 03:33:27'),
(26, 183, 653.46, 'expense', 'Non sit itaque debitis illum et laudantium.', '2025-06-05 15:49:51'),
(36, 10, 294.01, 'expense', 'Autem ad quo quo nostrum aliquid ipsam dolor.', '2025-01-04 03:33:19'),
(36, 195, 708.48, 'expense', 'Corrupti atque est repellat dolores.', '2025-01-22 20:58:38'),
(2, 21, 28.81, 'income', 'Sunt consectetur ad ipsum totam ad repellat facilis.', '2025-01-19 19:57:40'),
(39, 141, 940.82, 'expense', 'Labore sunt veritatis mollitia vitae rerum voluptates.', '2024-12-29 13:55:38'),
(109, 29, 778.41, 'income', 'Voluptates nesciunt necessitatibus recusandae natus tempore aspernatur.', '2025-05-22 17:50:10'),
(32, 13, 246.06, 'expense', 'In explicabo commodi praesentium reprehenderit nostrum atque.', '2025-03-29 13:57:54'),
(118, 17, 119.75, 'transfer', 'Totam repellendus labore esse distinctio impedit.', '2025-03-02 22:08:17'),
(138, 5, 635.64, 'expense', 'Voluptatibus eum necessitatibus rem.', '2025-06-08 08:39:29'),
(37, 75, 434.95, 'expense', 'Autem odit veritatis autem culpa qui.', '2025-03-11 03:50:10'),
(62, 147, 422.4, 'expense', 'Voluptas dolorum quis itaque.', '2025-06-08 00:11:44'),
(22, 135, 974.91, 'income', 'Dolorem quidem amet.', '2025-05-07 22:44:47'),
(135, 140, 512.25, 'transfer', 'Velit neque aspernatur.', '2025-04-10 16:43:14'),
(142, 6, 396.55, 'expense', 'Repellat modi maxime labore.', '2025-04-13 05:44:27'),
(100, 96, 261.11, 'income', 'Voluptas nam dolor magni.', '2025-04-22 03:30:11'),
(18, 89, 248.71, 'expense', 'Rerum veritatis quam impedit facilis quidem quia.', '2025-01-04 01:59:11'),
(27, 198, 586.08, 'expense', 'Officia omnis harum provident amet cum.', '2025-01-08 19:46:04'),
(35, 12, 358.78, 'expense', 'In harum earum veniam praesentium.', '2024-12-27 17:18:22'),
(45, 200, 687.84, 'transfer', 'Repudiandae vero quidem.', '2025-01-03 02:58:50'),
(123, 162, 190.46, 'income', 'Ex corrupti minima nihil animi reiciendis consequuntur.', '2025-04-14 17:20:32'),
(118, 10, 300.51, 'income', 'Iste expedita error quas.', '2025-03-03 06:06:16'),
(52, 11, 322.44, 'expense', 'Dolore porro eaque esse quibusdam.', '2025-01-01 23:15:34'),
(102, 140, 478.67, 'income', 'Quo vero maiores et commodi tempore.', '2024-12-24 15:01:53'),
(49, 74, 363.4, 'expense', 'Minima quaerat qui eaque aperiam.', '2025-06-03 21:24:28'),
(85, 70, 133.23, 'expense', 'Nulla cum asperiores repellat provident rerum non.', '2025-06-07 19:47:07'),
(103, 191, 445.34, 'transfer', 'Autem placeat itaque quisquam.', '2024-12-23 23:30:23'),
(87, 48, 501.24, 'expense', 'Dicta rem quisquam eligendi facilis repudiandae.', '2025-03-06 16:18:29'),
(133, 69, 803.14, 'expense', 'Doloremque fugit beatae ducimus animi magnam modi.', '2025-03-01 23:18:13'),
(21, 111, 606.43, 'expense', 'Cum incidunt aliquam velit nostrum quidem unde.', '2025-05-23 23:28:23'),
(140, 76, 328.0, 'income', 'Et iure voluptate ex facere.', '2025-04-15 05:16:21'),
(76, 79, 451.46, 'expense', 'Suscipit enim debitis ipsum voluptatem.', '2025-01-04 16:35:29'),
(43, 177, 449.47, 'expense', 'Optio explicabo eaque animi.', '2024-12-25 12:04:16'),
(91, 158, 998.17, 'income', 'Repellendus ipsum recusandae vitae.', '2025-03-01 17:50:26'),
(15, 20, 674.47, 'expense', 'Quasi amet nisi saepe eum consequuntur iste.', '2025-02-18 10:59:10'),
(132, 192, 682.62, 'transfer', 'Magnam quo illum a suscipit.', '2025-06-02 21:23:18'),
(37, 156, 681.31, 'expense', 'A itaque voluptatem nisi eum.', '2025-04-05 00:36:12'),
(33, 18, 243.64, 'expense', 'Facilis eligendi laborum cum ipsum architecto.', '2025-05-09 01:14:38'),
(93, 99, 949.97, 'income', 'Ullam repudiandae vel in velit ad.', '2025-05-26 09:42:29'),
(40, 174, 455.42, 'expense', 'Explicabo tempora a laudantium tempore voluptatum.', '2025-04-01 11:41:17'),
(114, 196, 86.12, 'income', 'Iste deserunt dignissimos minus quod cupiditate quis.', '2025-06-02 17:47:24'),
(94, 102, 321.24, 'income', 'Voluptate sequi saepe.', '2025-03-09 12:50:20'),
(30, 7, 738.32, 'expense', 'Facere quam quia ab.', '2025-01-03 12:33:42'),
(100, 144, 126.58, 'expense', 'Veniam facere voluptatibus voluptatem a nemo voluptas.', '2025-03-27 12:13:52'),
(115, 55, 996.4, 'income', 'Quas distinctio adipisci temporibus eveniet.', '2025-06-23 03:53:51'),
(126, 52, 131.41, 'expense', 'Consectetur suscipit eligendi earum molestiae similique cum.', '2025-03-24 14:54:41'),
(116, 45, 899.69, 'expense', 'Quisquam laborum earum quos quibusdam.', '2025-04-21 23:23:24'),
(23, 175, 967.89, 'transfer', 'Veniam necessitatibus cum deserunt.', '2025-01-26 01:29:52'),
(89, 182, 74.29, 'expense', 'Neque exercitationem distinctio unde saepe.', '2024-12-31 02:55:08'),
(77, 41, 714.69, 'transfer', 'Commodi omnis similique recusandae hic.', '2025-05-19 12:17:14'),
(45, 93, 513.67, 'income', 'Dolore quam modi asperiores tempora.', '2025-03-26 18:30:26'),
(52, 36, 244.37, 'expense', 'Facilis earum inventore amet fugiat incidunt quasi doloribus.', '2025-04-11 15:34:14'),
(93, 142, 576.55, 'expense', 'Repellendus inventore inventore commodi hic aperiam ipsum.', '2025-02-26 09:05:25'),
(142, 34, 615.83, 'income', 'Tempore eaque architecto aperiam quod accusamus hic.', '2025-03-30 21:17:54'),
(80, 102, 999.6, 'expense', 'Quia dolorum itaque.', '2025-01-14 11:39:24'),
(135, 106, 771.47, 'expense', 'Id a occaecati neque.', '2025-01-07 21:46:23'),
(19, 33, 972.66, 'expense', 'Vero aperiam esse quam ad pariatur.', '2025-05-02 07:49:44'),
(116, 120, 683.31, 'expense', 'Aut praesentium doloremque officia reprehenderit.', '2025-02-04 15:09:04'),
(142, 164, 591.91, 'expense', 'Aut repellendus fugit commodi.', '2025-04-27 11:33:26'),
(34, 111, 507.84, 'expense', 'Magni eligendi maiores eum cumque eum temporibus.', '2025-05-18 22:07:58'),
(32, 133, 161.49, 'income', 'Assumenda neque perspiciatis assumenda tempora quam.', '2025-04-09 20:43:59'),
(83, 182, 233.22, 'transfer', 'Enim vel eligendi numquam itaque doloremque.', '2025-05-03 07:43:51'),
(133, 73, 847.47, 'income', 'Est voluptatibus dolores at eveniet.', '2025-06-05 19:39:44'),
(142, 71, 133.92, 'expense', 'Quas voluptates voluptatem.', '2025-03-31 06:23:14'),
(137, 24, 507.55, 'income', 'Voluptas nesciunt dolores minima eos neque.', '2025-03-23 00:31:56'),
(149, 40, 179.49, 'expense', 'Earum provident magnam reprehenderit.', '2025-06-07 18:03:34'),
(87, 145, 50.78, 'expense', 'Deleniti ducimus aut debitis.', '2025-03-01 02:07:13'),
(21, 12, 949.06, 'expense', 'Recusandae corporis nesciunt cum.', '2025-04-01 17:49:03'),
(68, 167, 218.7, 'expense', 'Necessitatibus enim expedita illo porro voluptas porro.', '2025-01-12 12:11:29'),
(8, 128, 890.11, 'expense', 'Nam aut asperiores eveniet veritatis.', '2025-03-05 15:05:04'),
(78, 124, 252.43, 'expense', 'Vero deleniti sint quam nihil molestias.', '2025-02-15 02:14:05'),
(104, 77, 459.01, 'expense', 'Consectetur itaque voluptatem ab dignissimos necessitatibus in.', '2025-03-18 18:13:49'),
(41, 113, 421.47, 'expense', 'Ipsum doloribus debitis dolorum culpa provident odit.', '2024-12-25 20:49:41'),
(88, 156, 152.23, 'expense', 'Reprehenderit aut sit ipsum veniam ipsa atque.', '2025-05-27 09:29:54'),
(82, 188, 988.14, 'expense', 'Ullam iste eius facere saepe.', '2025-01-08 16:43:28'),
(103, 34, 763.06, 'expense', 'Suscipit corrupti est nihil iusto soluta incidunt voluptate.', '2025-02-25 17:39:30'),
(28, 82, 249.32, 'income', 'Rerum rerum laborum beatae.', '2025-01-06 15:40:26'),
(116, 64, 149.47, 'income', 'Asperiores natus laboriosam aut fuga a.', '2025-01-10 00:40:45'),
(99, 158, 423.95, 'transfer', 'Nisi maxime molestiae.', '2025-03-11 23:51:14'),
(41, 84, 934.41, 'expense', 'Doloribus eos eius iste.', '2025-05-15 03:55:46'),
(49, 196, 167.75, 'transfer', 'Ipsa dicta vel id eveniet.', '2025-01-29 21:06:55'),
(120, 128, 880.28, 'expense', 'Cumque culpa expedita repellendus.', '2025-05-08 10:47:08'),
(24, 101, 510.39, 'transfer', 'Amet beatae aspernatur.', '2025-06-19 13:14:29'),
(56, 150, 359.37, 'income', 'Ex dolores dicta.', '2025-05-25 17:42:44'),
(127, 153, 883.52, 'expense', 'Dolores dolores sint dolore natus porro.', '2025-01-23 17:45:19'),
(121, 74, 541.32, 'expense', 'Adipisci reprehenderit qui nam.', '2025-03-28 00:42:30'),
(111, 35, 883.63, 'expense', 'Doloribus mollitia ea ullam.', '2025-02-23 08:16:17'),
(104, 94, 54.79, 'income', 'Tempore iure dolorum iusto.', '2025-04-09 02:13:04'),
(144, 50, 368.9, 'income', 'Possimus minima voluptatibus praesentium.', '2025-06-02 03:17:48'),
(99, 130, 455.85, 'expense', 'Consequatur quas aut asperiores autem.', '2025-02-02 03:37:12'),
(31, 33, 975.33, 'expense', 'Nostrum in delectus cupiditate eos id nobis.', '2025-01-21 12:43:19'),
(87, 143, 939.56, 'expense', 'Quod ratione occaecati earum quasi corporis deserunt.', '2025-02-21 18:38:13'),
(51, 155, 514.03, 'expense', 'Architecto corrupti culpa soluta velit voluptas corrupti.', '2025-06-15 16:54:40'),
(12, 10, 145.67, 'expense', 'Reiciendis doloremque nesciunt ad explicabo eos recusandae minima.', '2025-02-16 10:34:01'),
(122, 133, 462.42, 'expense', 'Modi alias facilis rem praesentium.', '2025-05-06 01:33:08'),
(132, 36, 334.69, 'expense', 'Dolore deleniti fugit nobis amet odio.', '2025-04-15 02:44:06'),
(42, 101, 990.71, 'expense', 'Fuga perspiciatis suscipit sit ipsum ut.', '2025-04-13 19:12:21'),
(77, 152, 343.01, 'expense', 'Natus nemo voluptates inventore.', '2024-12-24 02:13:12'),
(137, 126, 711.65, 'income', 'Excepturi possimus omnis blanditiis labore reiciendis dolore.', '2025-05-23 02:09:09'),
(5, 95, 337.93, 'income', 'Consequatur dicta iste tempora beatae sed.', '2025-03-12 06:28:48'),
(107, 150, 314.6, 'expense', 'Occaecati ducimus nesciunt dignissimos reprehenderit ad.', '2025-04-11 18:52:37'),
(7, 153, 479.84, 'transfer', 'Assumenda ea nulla aspernatur ullam temporibus natus.', '2025-01-23 02:15:39'),
(149, 148, 235.27, 'income', 'Fugiat quos dignissimos possimus veritatis aperiam quam.', '2025-04-22 23:58:47'),
(123, 44, 528.99, 'expense', 'Ad quis amet voluptate voluptates.', '2025-02-13 09:04:18'),
(98, 38, 823.44, 'income', 'Placeat inventore rerum ab perspiciatis.', '2025-06-08 22:54:11'),
(147, 180, 118.8, 'income', 'Veniam porro sunt numquam.', '2025-02-19 15:01:16'),
(81, 108, 159.92, 'expense', 'Labore deserunt asperiores reprehenderit voluptates doloribus.', '2025-01-22 11:33:12'),
(106, 129, 777.22, 'transfer', 'Hic porro aspernatur quo vero soluta temporibus.', '2025-05-11 06:25:36'),
(16, 181, 146.7, 'income', 'Blanditiis commodi ipsum ipsa necessitatibus.', '2025-01-01 10:58:36'),
(84, 170, 483.59, 'expense', 'Velit officia inventore occaecati dolore earum fuga accusamus.', '2025-03-29 21:09:57'),
(45, 118, 913.0, 'expense', 'Dicta voluptas amet perspiciatis.', '2025-02-20 10:37:29'),
(91, 174, 774.27, 'expense', 'Sit quisquam mollitia iure.', '2025-04-05 05:44:43'),
(68, 157, 489.34, 'transfer', 'Minus assumenda id ipsa doloremque.', '2025-05-25 21:14:58'),
(72, 143, 305.51, 'transfer', 'Inventore eum excepturi nesciunt.', '2025-04-06 03:30:05'),
(77, 198, 296.11, 'income', 'Unde quo reprehenderit asperiores.', '2025-01-26 07:00:48'),
(126, 82, 485.01, 'expense', 'Accusamus id accusamus numquam earum tenetur.', '2025-05-16 13:12:10'),
(71, 74, 130.66, 'expense', 'Sapiente architecto quam in quibusdam harum nobis.', '2025-03-11 15:19:20'),
(98, 102, 820.19, 'transfer', 'Totam ipsum dolore ea officia impedit sapiente.', '2025-03-30 10:03:44'),
(38, 75, 51.65, 'transfer', 'Magni tempore reiciendis doloremque fugit facere consequatur omnis.', '2025-01-07 16:39:44'),
(21, 89, 924.77, 'expense', 'Beatae eligendi dolorum ipsam nostrum.', '2025-03-20 03:23:26'),
(123, 55, 210.05, 'expense', 'Vero laborum laboriosam illum dolore voluptas.', '2025-05-13 15:16:16'),
(144, 179, 278.91, 'income', 'Culpa nulla illo.', '2025-01-15 03:59:49'),
(62, 63, 60.26, 'transfer', 'Perspiciatis sint in eum expedita quibusdam.', '2025-02-03 20:00:54'),
(58, 164, 240.51, 'income', 'Quia beatae magni accusamus.', '2025-03-22 20:37:32'),
(85, 184, 477.68, 'expense', 'Ab nemo maiores iste maxime.', '2025-03-13 11:15:10'),
(36, 2, 964.87, 'transfer', 'Voluptatum eius accusamus nesciunt reprehenderit a.', '2025-05-08 05:47:11'),
(41, 105, 656.36, 'expense', 'At ex mollitia nisi mollitia quia qui.', '2025-06-22 16:07:28'),
(122, 123, 654.03, 'expense', 'Aspernatur incidunt ratione adipisci perspiciatis ex in.', '2025-05-01 17:19:49'),
(74, 83, 292.56, 'income', 'Amet consequatur fugiat odit.', '2025-02-27 22:29:32'),
(23, 167, 578.39, 'expense', 'At earum itaque soluta.', '2025-03-23 23:49:03'),
(10, 45, 423.71, 'expense', 'Libero odio optio enim laboriosam labore.', '2025-03-31 03:24:55'),
(10, 102, 790.08, 'income', 'Eaque atque cupiditate perspiciatis dolores.', '2025-04-07 10:46:04'),
(75, 10, 19.17, 'expense', 'Quasi hic ex doloremque.', '2025-01-10 06:16:33'),
(28, 86, 291.72, 'transfer', 'Libero sequi laborum amet modi iste blanditiis.', '2024-12-31 09:56:47'),
(140, 135, 498.97, 'transfer', 'Et et dolores eum.', '2025-06-04 10:42:49'),
(130, 120, 280.11, 'expense', 'Nobis tempora excepturi ipsum.', '2025-01-04 01:00:58'),
(85, 42, 733.81, 'expense', 'Iure at explicabo dicta.', '2025-03-27 07:35:36'),
(48, 4, 739.25, 'expense', 'Ea in unde pariatur.', '2025-04-06 15:54:37'),
(146, 173, 759.71, 'income', 'Distinctio voluptatem magni.', '2025-01-10 20:31:48'),
(104, 110, 520.13, 'income', 'Eos aliquid rerum nesciunt nulla aliquid hic.', '2025-04-22 05:47:07'),
(25, 48, 981.87, 'expense', 'Fuga repellendus expedita molestias.', '2025-05-13 21:35:20'),
(64, 2, 268.18, 'income', 'Iure nulla tenetur.', '2025-01-06 08:22:57'),
(69, 85, 308.93, 'expense', 'Esse ullam dicta repellendus.', '2024-12-27 02:04:54'),
(3, 67, 657.15, 'expense', 'Accusantium atque praesentium aliquam exercitationem nihil aut.', '2025-06-01 07:21:25'),
(16, 171, 127.04, 'expense', 'Doloribus est assumenda aliquam sunt dignissimos.', '2025-05-30 16:29:47'),
(104, 176, 507.5, 'expense', 'Odit minus cumque sapiente non.', '2025-04-16 07:30:31'),
(80, 177, 126.24, 'transfer', 'Pariatur quibusdam quia maxime impedit.', '2025-06-17 15:31:47'),
(76, 95, 618.48, 'income', 'Inventore non in repellat illum.', '2025-03-19 16:53:48'),
(35, 123, 161.65, 'expense', 'Necessitatibus facere laudantium quia tempora ea voluptatem.', '2025-05-17 16:55:03'),
(96, 107, 704.92, 'transfer', 'Esse sint rem amet architecto quasi soluta.', '2025-01-29 21:39:52'),
(138, 171, 827.35, 'expense', 'Dicta voluptatum quibusdam aspernatur non.', '2025-05-09 14:07:39'),
(21, 135, 452.28, 'expense', 'Nesciunt nostrum ipsam quia.', '2025-03-12 20:18:40'),
(20, 145, 121.09, 'expense', 'Facere nobis cupiditate similique labore molestiae nulla provident.', '2025-06-08 15:39:07'),
(130, 52, 576.97, 'income', 'Ex provident quos rem incidunt impedit ipsum.', '2025-06-10 03:33:06'),
(84, 134, 447.42, 'expense', 'Nihil qui quod velit unde totam.', '2025-05-19 11:11:29'),
(150, 126, 100.03, 'expense', 'Enim rem reprehenderit vero minus.', '2025-04-09 06:11:28'),
(15, 117, 140.62, 'expense', 'Quos error dolorem quasi saepe praesentium dolor.', '2025-06-23 06:02:27'),
(145, 15, 563.21, 'expense', 'Alias inventore vero ab quis.', '2025-06-22 11:13:51'),
(79, 186, 31.55, 'income', 'Id veniam delectus itaque.', '2025-01-17 08:26:15'),
(1, 191, 225.72, 'income', 'Laborum saepe mollitia id non libero.', '2025-03-02 03:11:25'),
(109, 89, 703.38, 'expense', 'Voluptates placeat sequi natus ipsam doloremque temporibus.', '2025-03-01 06:03:38'),
(16, 18, 986.28, 'expense', 'Temporibus corporis rerum itaque.', '2025-02-23 18:02:41'),
(74, 105, 188.18, 'income', 'Maiores beatae corrupti dolorum fugiat alias voluptatum qui.', '2025-01-10 10:47:28'),
(108, 96, 992.93, 'expense', 'Ea fuga vitae asperiores hic necessitatibus.', '2025-05-10 05:12:13'),
(97, 97, 89.45, 'transfer', 'Fuga nulla rerum nesciunt mollitia voluptatum numquam.', '2024-12-26 22:33:17'),
(139, 35, 657.0, 'expense', 'Accusantium quisquam voluptate dolorem odio omnis voluptates.', '2025-03-20 22:18:39'),
(46, 138, 399.13, 'income', 'Accusamus nihil incidunt a asperiores.', '2025-06-06 07:21:28'),
(58, 1, 758.62, 'transfer', 'Molestiae minus accusantium totam error consequatur sit fugit.', '2025-05-28 14:31:01'),
(119, 173, 721.9, 'expense', 'Reprehenderit natus adipisci fugit nam ab.', '2025-03-03 23:45:39'),
(98, 59, 255.04, 'expense', 'Ratione corporis porro atque maxime fugit placeat repellat.', '2025-02-20 22:46:50'),
(71, 49, 938.04, 'expense', 'Eveniet delectus sequi laborum dolor aliquid.', '2025-01-19 17:29:19'),
(29, 9, 811.38, 'expense', 'Ab fuga amet nulla quidem.', '2025-03-26 18:03:15'),
(5, 62, 214.02, 'income', 'Earum illum eos minus recusandae.', '2025-04-17 05:07:46'),
(9, 115, 601.81, 'expense', 'In molestias exercitationem.', '2025-04-10 23:26:07'),
(13, 63, 743.14, 'expense', 'Commodi nemo sunt necessitatibus itaque fuga.', '2025-02-03 07:24:34'),
(60, 139, 225.1, 'expense', 'Ab ipsum delectus odit eius itaque.', '2025-01-04 16:50:27'),
(15, 36, 508.86, 'income', 'Pariatur rerum non.', '2025-06-09 14:16:24'),
(148, 82, 581.7, 'expense', 'Optio blanditiis non voluptatem.', '2025-04-04 06:03:14'),
(83, 61, 308.75, 'income', 'Recusandae accusantium occaecati.', '2025-02-01 22:15:46'),
(134, 57, 419.42, 'income', 'Molestiae illo perspiciatis placeat porro velit quis.', '2025-04-25 16:30:55'),
(143, 152, 880.92, 'transfer', 'Omnis officiis dolores ut.', '2025-01-06 16:19:49'),
(110, 143, 500.66, 'transfer', 'Iure nemo aut nam aspernatur inventore vitae.', '2025-01-26 11:59:31'),
(98, 135, 325.55, 'expense', 'Temporibus rerum recusandae labore.', '2024-12-26 21:07:28'),
(39, 77, 382.7, 'expense', 'Magnam quasi atque eos totam.', '2025-04-08 13:48:02'),
(122, 62, 850.85, 'expense', 'Sunt unde itaque quas.', '2024-12-24 11:42:13'),
(37, 119, 915.59, 'expense', 'Similique dolorem cum eum veniam.', '2025-06-19 23:53:13'),
(107, 143, 534.69, 'expense', 'Perspiciatis maxime blanditiis a aliquid enim tenetur.', '2025-03-10 13:47:15'),
(66, 53, 336.96, 'income', 'Dolore fugit totam quia.', '2025-03-04 19:50:20'),
(116, 95, 101.54, 'expense', 'Amet illo quam tempore.', '2025-01-09 19:59:48'),
(49, 14, 275.78, 'expense', 'Eaque iusto perspiciatis repellat.', '2025-03-03 11:49:49'),
(11, 19, 196.28, 'expense', 'Enim nam recusandae sed soluta ut laudantium.', '2025-04-15 20:12:10'),
(144, 56, 484.6, 'expense', 'Quis molestias magnam qui repudiandae.', '2025-01-07 07:05:36'),
(86, 78, 957.45, 'income', 'Ullam a amet recusandae.', '2025-05-24 06:55:52'),
(49, 190, 126.14, 'transfer', 'Aliquam ut quidem.', '2025-03-12 17:00:02'),
(123, 63, 698.67, 'expense', 'Reprehenderit hic praesentium earum.', '2025-03-29 22:17:24'),
(102, 62, 556.56, 'expense', 'Recusandae alias dolorem dolore nam eum soluta.', '2025-04-12 04:02:54'),
(98, 120, 538.31, 'expense', 'In quibusdam tempore eligendi.', '2025-06-07 21:28:35'),
(67, 93, 517.69, 'expense', 'Voluptas quasi at rem esse ut perferendis.', '2025-01-21 01:51:04'),
(26, 185, 474.8, 'expense', 'Ea repudiandae deserunt odit ad.', '2025-04-29 23:01:18'),
(53, 95, 319.79, 'income', 'Modi eum mollitia officiis ipsum ad.', '2025-04-19 23:47:35'),
(57, 190, 154.46, 'income', 'Distinctio quia sit soluta.', '2025-05-06 13:28:45'),
(150, 149, 722.81, 'income', 'Nobis deserunt minima tempora est modi dolores eveniet.', '2025-01-13 07:06:00'),
(51, 85, 237.72, 'expense', 'Recusandae facilis odit nemo.', '2025-04-14 03:06:34'),
(63, 128, 555.14, 'transfer', 'Doloribus numquam repudiandae placeat fugit iure dolore.', '2025-06-02 03:07:01'),
(87, 66, 765.73, 'expense', 'Esse repellendus architecto culpa sed cumque.', '2025-01-17 23:43:25'),
(126, 118, 176.55, 'expense', 'Sequi consectetur itaque atque.', '2025-04-23 08:30:00'),
(44, 36, 723.11, 'expense', 'Nesciunt asperiores ut similique aliquid quaerat.', '2025-03-24 14:32:38'),
(139, 165, 957.66, 'expense', 'Quidem necessitatibus tempora saepe omnis quos perferendis ipsa.', '2025-06-02 02:48:02'),
(20, 172, 58.03, 'income', 'Impedit ad nemo animi fugiat porro harum ut.', '2025-02-17 14:45:54'),
(36, 162, 239.12, 'expense', 'Temporibus facere nulla numquam.', '2025-04-25 08:48:20'),
(3, 56, 510.68, 'expense', 'Omnis dicta ex facilis.', '2025-06-18 19:01:19'),
(124, 169, 492.98, 'income', 'Qui inventore cum dignissimos.', '2025-01-13 19:07:16'),
(142, 106, 21.73, 'expense', 'Repellat ad sint.', '2025-03-06 10:25:18'),
(71, 138, 977.7, 'income', 'Sed velit nisi amet dolor.', '2025-05-13 12:56:29'),
(111, 46, 115.95, 'income', 'Nihil dolor ipsa reiciendis error et.', '2025-01-14 17:58:16'),
(39, 62, 200.01, 'expense', 'Consectetur totam odio molestiae pariatur minima.', '2025-03-10 13:59:39'),
(91, 69, 796.99, 'income', 'Atque asperiores esse aliquid quidem.', '2025-03-09 00:30:49'),
(104, 118, 569.35, 'transfer', 'Laudantium voluptates eligendi minus perspiciatis magni.', '2024-12-25 05:00:49'),
(58, 77, 687.2, 'expense', 'Facilis voluptate totam recusandae sunt amet itaque.', '2025-03-13 10:38:26'),
(9, 24, 411.23, 'expense', 'Ipsum sequi cumque possimus ipsa temporibus.', '2025-02-04 04:36:24'),
(122, 15, 640.38, 'expense', 'Saepe autem delectus veritatis tempora.', '2025-02-18 00:58:09'),
(22, 128, 846.88, 'expense', 'Nemo placeat magnam libero.', '2025-05-02 05:56:52'),
(85, 145, 977.56, 'transfer', 'Veniam nobis consequuntur sint doloremque eaque.', '2025-01-10 05:45:28'),
(136, 11, 237.47, 'transfer', 'Totam sequi qui eligendi cum.', '2025-01-06 01:45:49'),
(146, 122, 278.38, 'transfer', 'Aliquam doloribus laborum.', '2025-01-18 08:16:23'),
(72, 140, 567.87, 'income', 'Omnis eum repellat.', '2025-05-21 10:04:55'),
(81, 5, 961.85, 'expense', 'Repellendus officiis praesentium voluptatem ad odio.', '2025-04-14 08:31:45'),
(102, 20, 306.28, 'expense', 'Facilis necessitatibus eos quam.', '2025-01-29 04:28:55'),
(146, 100, 680.26, 'expense', 'Odit repellat expedita ipsa.', '2025-06-19 06:46:48'),
(99, 194, 742.35, 'expense', 'Dolore velit animi ipsa.', '2025-02-19 06:22:26'),
(21, 129, 748.0, 'expense', 'Velit at unde voluptates non blanditiis rerum.', '2025-02-19 13:27:07'),
(26, 112, 239.82, 'income', 'Ut quas aliquam.', '2025-02-27 22:04:29'),
(102, 199, 333.11, 'expense', 'Magnam fugit aperiam.', '2025-01-07 16:28:29'),
(116, 126, 235.86, 'expense', 'Natus deserunt aut tempora amet.', '2025-01-06 06:00:31'),
(97, 111, 193.88, 'expense', 'Suscipit pariatur ad.', '2025-04-13 07:26:44'),
(98, 22, 774.45, 'income', 'Pariatur quam itaque natus.', '2025-06-04 05:07:01'),
(64, 183, 82.77, 'income', 'Tenetur repellendus illo dignissimos fugit iusto.', '2025-04-17 14:17:48'),
(98, 183, 786.05, 'income', 'Repellat exercitationem delectus ullam maxime facilis eius.', '2025-01-26 00:14:00'),
(100, 82, 367.09, 'income', 'Odit velit numquam vero dolores repellat.', '2025-01-11 13:06:02'),
(79, 114, 366.32, 'income', 'Quia quam asperiores omnis.', '2025-04-09 17:01:51'),
(34, 23, 195.52, 'expense', 'Saepe quis autem doloremque ullam assumenda nihil.', '2025-03-31 17:20:12'),
(143, 132, 413.96, 'income', 'Maxime eos quae animi ipsum.', '2025-03-14 16:39:32'),
(91, 142, 102.13, 'expense', 'Recusandae beatae similique.', '2025-03-25 08:46:20'),
(84, 99, 22.22, 'expense', 'Nostrum ut suscipit.', '2024-12-28 08:04:19'),
(22, 186, 902.12, 'transfer', 'Dignissimos quam maxime voluptate quaerat.', '2025-04-23 23:53:04'),
(63, 147, 525.89, 'expense', 'Deleniti sint fugiat nulla molestiae magnam.', '2025-01-27 00:32:06'),
(44, 36, 276.23, 'income', 'Beatae dolorem cumque sit.', '2025-02-25 05:55:49'),
(38, 17, 175.54, 'income', 'Delectus similique iure.', '2025-04-01 09:34:18'),
(77, 124, 784.84, 'expense', 'Doloribus dolorum neque asperiores repellat.', '2025-01-03 18:30:47'),
(64, 185, 628.78, 'expense', 'Blanditiis corrupti occaecati quam praesentium ducimus.', '2025-02-28 14:09:24'),
(51, 118, 115.9, 'expense', 'Repellat molestias ducimus velit.', '2025-02-11 10:42:30'),
(102, 86, 843.2, 'expense', 'Autem voluptas explicabo voluptates.', '2025-02-05 12:32:39'),
(85, 113, 341.39, 'expense', 'Atque quia molestias natus iusto quod repellat.', '2025-06-13 01:58:05'),
(35, 77, 327.46, 'transfer', 'Ipsum modi quia sequi fugit pariatur ipsum modi.', '2025-01-29 21:37:53'),
(52, 123, 321.04, 'transfer', 'Adipisci eos eveniet consequuntur.', '2025-01-17 03:52:43'),
(82, 75, 737.53, 'expense', 'Quod soluta minus alias.', '2025-05-23 00:04:59'),
(148, 63, 332.63, 'income', 'Tempora maxime fuga quia facere.', '2025-04-03 07:39:19'),
(101, 94, 122.75, 'expense', 'Consectetur cum ex provident velit sed.', '2025-06-20 05:06:31'),
(140, 47, 684.9, 'expense', 'Neque deserunt quia est accusamus.', '2025-02-08 09:02:20'),
(119, 182, 217.55, 'expense', 'In consectetur doloribus sed in.', '2025-05-16 10:41:15'),
(18, 105, 676.25, 'income', 'In vero odio mollitia odit.', '2024-12-27 16:11:21'),
(78, 62, 260.15, 'income', 'Neque non repellat praesentium quam alias.', '2025-03-23 17:19:35'),
(109, 97, 83.23, 'transfer', 'Reiciendis magnam sequi dolore perferendis.', '2024-12-24 07:27:22'),
(123, 150, 406.8, 'expense', 'Aut sed officia.', '2025-01-01 21:38:29'),
(108, 140, 46.4, 'transfer', 'Optio ea incidunt et iste.', '2025-05-10 02:02:46'),
(138, 153, 641.8, 'income', 'Perferendis alias animi quod ducimus quidem.', '2025-06-17 22:33:07'),
(64, 169, 668.05, 'income', 'Sint fugit sequi odit quam necessitatibus numquam qui.', '2025-02-28 20:03:50'),
(12, 145, 983.77, 'expense', 'Iusto eaque occaecati sequi doloremque voluptatem saepe mollitia.', '2024-12-31 15:28:35'),
(103, 193, 338.28, 'expense', 'Dolores nobis impedit quas nobis aut.', '2025-06-21 15:31:16'),
(28, 3, 107.62, 'income', 'Debitis repellat necessitatibus autem.', '2025-01-13 02:52:18'),
(133, 143, 584.71, 'expense', 'Harum laudantium sed delectus possimus architecto enim.', '2025-04-22 21:15:07'),
(115, 96, 397.22, 'expense', 'Doloribus quae tempora vel laborum.', '2024-12-31 09:09:16'),
(129, 39, 351.52, 'income', 'Sint voluptas id ea.', '2025-04-02 21:51:00'),
(27, 76, 421.82, 'transfer', 'Ex cupiditate deserunt neque cupiditate.', '2025-05-13 01:46:09'),
(30, 187, 150.26, 'expense', 'Blanditiis soluta harum nisi perspiciatis.', '2025-01-27 09:35:00'),
(117, 53, 525.9, 'expense', 'Sunt saepe quae non beatae expedita dolorum.', '2025-03-03 14:10:50'),
(25, 113, 724.77, 'expense', 'Excepturi delectus expedita provident natus ullam.', '2025-02-17 09:05:08'),
(18, 77, 54.24, 'expense', 'Debitis numquam harum fuga debitis iste distinctio.', '2025-05-05 06:59:47'),
(6, 88, 651.49, 'expense', 'Iste odit ducimus optio.', '2025-02-04 20:16:16'),
(43, 190, 251.47, 'income', 'Repellat voluptatem exercitationem animi aperiam libero.', '2025-06-07 10:46:10'),
(41, 85, 564.25, 'transfer', 'Consectetur reprehenderit nemo nemo ad voluptates.', '2025-02-09 21:29:15'),
(60, 104, 633.46, 'income', 'Nobis quae quasi ratione iusto corrupti.', '2025-06-15 05:22:01'),
(111, 102, 38.9, 'expense', 'Culpa tempore necessitatibus hic debitis.', '2025-06-19 02:21:11'),
(51, 116, 596.28, 'expense', 'Corporis voluptate fugiat.', '2025-05-27 17:24:57'),
(55, 53, 285.56, 'expense', 'Optio nobis expedita facere beatae commodi necessitatibus.', '2025-03-13 11:34:39'),
(17, 148, 110.73, 'expense', 'Molestias enim aliquid quas magni.', '2025-01-03 13:11:22'),
(48, 94, 332.73, 'expense', 'Odio debitis laudantium omnis est expedita assumenda.', '2025-03-04 07:39:26'),
(68, 172, 864.01, 'expense', 'Blanditiis porro magnam ratione.', '2025-04-15 08:01:18'),
(81, 153, 394.75, 'expense', 'Repudiandae accusantium eaque tenetur culpa.', '2025-04-03 23:04:47'),
(30, 90, 358.47, 'expense', 'Possimus beatae ut repellendus.', '2025-04-27 05:17:02'),
(45, 173, 708.93, 'income', 'Dolor inventore accusantium dignissimos quisquam nemo hic quas.', '2025-05-12 03:35:33'),
(22, 173, 142.61, 'income', 'Nobis deleniti aspernatur aspernatur recusandae.', '2025-06-03 00:40:13'),
(79, 30, 191.21, 'expense', 'Tenetur sed quam ab molestiae corporis rem.', '2025-03-08 21:46:05'),
(131, 100, 424.06, 'income', 'Ipsum voluptatibus dignissimos.', '2025-03-30 06:59:10'),
(99, 109, 193.9, 'expense', 'Placeat ullam cum esse eos tempore vero minus.', '2025-02-24 10:59:34'),
(45, 143, 175.2, 'income', 'Sed dolores inventore eveniet recusandae aliquid quidem.', '2025-05-29 07:29:25'),
(48, 81, 843.57, 'expense', 'Ex laborum saepe sint.', '2025-01-20 04:25:12'),
(92, 3, 489.76, 'income', 'Aperiam ut praesentium velit.', '2025-02-18 00:17:53'),
(99, 144, 510.38, 'expense', 'Deleniti voluptatem mollitia reiciendis est adipisci.', '2025-05-20 08:15:50'),
(126, 107, 713.04, 'expense', 'Cum impedit eum corrupti.', '2025-02-24 16:00:38'),
(43, 22, 569.74, 'expense', 'Vero labore est voluptas quos nesciunt.', '2025-04-12 19:19:38'),
(57, 75, 42.37, 'income', 'Molestiae ducimus incidunt odio laborum at commodi voluptatibus.', '2025-05-30 11:23:39'),
(74, 44, 782.93, 'expense', 'Id autem rerum.', '2025-06-05 18:50:01'),
(127, 141, 515.7, 'expense', 'Quasi accusamus praesentium modi ab ratione porro.', '2025-05-21 10:59:21'),
(69, 199, 547.68, 'transfer', 'Exercitationem beatae voluptatum mollitia.', '2025-02-16 14:58:45'),
(139, 194, 51.19, 'expense', 'Odit laudantium consequuntur consequuntur.', '2025-04-13 17:36:30'),
(140, 56, 989.88, 'income', 'Quibusdam maiores iste in unde impedit voluptatum.', '2025-04-03 09:37:13'),
(64, 77, 876.06, 'income', 'Inventore dolorem porro voluptatem culpa.', '2025-04-02 16:01:54'),
(68, 90, 863.58, 'income', 'Exercitationem amet praesentium ea cum exercitationem.', '2025-02-02 16:30:37'),
(31, 199, 813.77, 'income', 'Placeat consectetur ut possimus debitis provident libero.', '2025-01-25 19:00:41'),
(90, 182, 614.16, 'expense', 'Aut accusamus consectetur doloremque pariatur fugiat ullam.', '2025-03-29 15:49:37'),
(36, 53, 815.39, 'expense', 'Magnam perferendis dolores alias similique et.', '2025-06-15 13:05:19'),
(146, 90, 536.96, 'expense', 'Id consequuntur saepe.', '2025-04-10 14:33:19'),
(44, 83, 979.21, 'income', 'Laudantium aliquid soluta blanditiis expedita aut.', '2025-03-23 03:02:50'),
(147, 69, 952.87, 'expense', 'Est sit inventore natus voluptatibus ipsam possimus aliquam.', '2025-06-01 08:24:36'),
(25, 35, 963.14, 'expense', 'Amet ducimus doloremque atque.', '2025-05-03 10:38:15'),
(16, 71, 868.38, 'income', 'Dolor perspiciatis blanditiis commodi deserunt atque.', '2025-02-08 12:39:12'),
(34, 64, 154.78, 'expense', 'Ducimus cum nihil incidunt error eaque.', '2024-12-30 11:02:28'),
(64, 195, 845.12, 'expense', 'Magnam officia illum repellendus magni reprehenderit.', '2025-05-08 23:04:33'),
(37, 148, 636.08, 'expense', 'Ipsam ipsam sit distinctio.', '2025-01-03 10:34:45'),
(97, 116, 84.76, 'expense', 'Inventore enim vitae voluptate.', '2025-06-03 12:18:24'),
(24, 104, 520.46, 'income', 'Laudantium maiores sapiente eum.', '2025-03-23 18:59:05'),
(95, 117, 950.75, 'expense', 'Nulla sit expedita perferendis.', '2025-06-02 09:34:02'),
(1, 199, 848.7, 'income', 'Adipisci dolorem fugit sint fugit repellat consectetur quidem.', '2025-03-22 19:38:04'),
(118, 163, 667.5, 'expense', 'Odio nostrum expedita numquam beatae.', '2025-02-27 22:43:55'),
(17, 137, 403.74, 'transfer', 'Soluta suscipit nobis magnam dolore quaerat unde.', '2025-02-06 09:51:55'),
(55, 127, 275.85, 'expense', 'Fugit cum possimus tempore expedita commodi optio.', '2025-02-27 11:25:08'),
(87, 141, 582.15, 'expense', 'Molestias adipisci libero aspernatur tempora placeat odio.', '2025-05-04 04:18:59'),
(125, 88, 895.21, 'expense', 'Aspernatur quas nemo molestiae animi.', '2025-01-29 02:56:06'),
(12, 26, 629.92, 'expense', 'Reprehenderit voluptas nisi sed at.', '2025-03-04 01:50:16'),
(5, 32, 930.14, 'income', 'Ea neque nemo rem sunt.', '2025-01-20 01:18:59'),
(117, 1, 991.92, 'expense', 'Hic itaque libero id.', '2025-06-11 03:51:26'),
(34, 167, 308.85, 'expense', 'Voluptas reprehenderit et harum doloribus.', '2025-06-21 05:21:10'),
(71, 24, 658.04, 'income', 'Nostrum eligendi ullam voluptates quis.', '2025-04-08 13:54:51'),
(96, 171, 904.76, 'income', 'Mollitia cumque at earum.', '2025-06-12 15:43:35'),
(102, 161, 312.45, 'expense', 'Fuga consequuntur fugit expedita earum voluptatibus delectus.', '2025-06-22 02:43:57'),
(60, 110, 658.93, 'expense', 'Non perferendis asperiores dolore.', '2025-04-12 14:56:19'),
(1, 55, 482.04, 'income', 'Beatae laborum a repudiandae totam beatae vitae.', '2025-05-24 18:03:12'),
(58, 133, 683.18, 'income', 'Non nihil sint adipisci enim distinctio error.', '2025-04-24 06:02:55'),
(88, 31, 988.27, 'expense', 'Placeat odio rem voluptates.', '2025-04-04 00:17:14'),
(34, 123, 80.12, 'expense', 'Tempora eos nihil eveniet explicabo fugiat.', '2025-03-14 04:04:26'),
(27, 27, 320.22, 'expense', 'Explicabo fuga quisquam.', '2025-04-16 02:59:05'),
(36, 98, 775.73, 'expense', 'Assumenda magni explicabo laudantium eos velit.', '2025-03-08 15:12:59'),
(35, 165, 993.01, 'income', 'A totam cumque nam delectus eveniet.', '2025-05-12 22:46:40'),
(136, 145, 18.39, 'expense', 'Ut atque fuga nam magni iure molestias.', '2025-05-23 09:32:05'),
(113, 90, 725.21, 'expense', 'Sunt magnam possimus sit laudantium harum odio a.', '2025-02-19 11:59:21'),
(39, 106, 619.92, 'expense', 'Optio dolore voluptates odio aliquid.', '2025-05-17 01:25:20'),
(56, 23, 897.63, 'income', 'Similique iure earum ipsam sed ab.', '2025-01-22 16:29:33'),
(32, 151, 732.71, 'expense', 'Molestias est molestiae voluptatibus doloribus consectetur.', '2025-05-07 23:02:15'),
(110, 81, 793.17, 'income', 'Beatae cumque temporibus maxime aperiam architecto quibusdam.', '2025-04-23 05:48:25'),
(22, 64, 557.86, 'expense', 'Quas neque perspiciatis sed.', '2025-03-15 04:17:41'),
(73, 200, 941.87, 'income', 'Molestias minima fugit ipsum doloribus.', '2024-12-30 05:54:44'),
(78, 53, 522.57, 'expense', 'Doloribus dicta asperiores ab qui dicta voluptate.', '2025-04-27 00:21:49'),
(101, 76, 649.71, 'expense', 'Aut laudantium blanditiis accusantium.', '2025-01-06 12:25:49'),
(62, 127, 392.03, 'income', 'Neque illo nesciunt sed rem excepturi.', '2025-05-22 06:43:01'),
(19, 136, 889.84, 'income', 'Possimus placeat reiciendis perferendis nesciunt.', '2025-02-13 01:22:15'),
(93, 82, 140.66, 'expense', 'Corporis mollitia molestiae cumque magnam sequi id labore.', '2025-04-04 09:48:30'),
(146, 108, 371.76, 'expense', 'Cum quis in maiores.', '2025-06-14 13:24:12'),
(121, 198, 82.26, 'expense', 'Cum officiis corporis hic.', '2025-04-10 05:59:46'),
(4, 68, 223.59, 'transfer', 'Qui tempore at velit repudiandae.', '2025-03-23 11:37:19'),
(102, 130, 293.62, 'expense', 'Minima fugit accusantium facere placeat ipsum tempora rerum.', '2024-12-24 02:29:05'),
(107, 109, 704.79, 'income', 'Hic reiciendis natus earum.', '2025-06-19 02:37:06'),
(138, 138, 619.89, 'income', 'Fuga perferendis laboriosam distinctio.', '2025-03-22 16:39:08'),
(80, 21, 516.19, 'income', 'Necessitatibus maxime nostrum neque voluptates.', '2025-03-12 14:03:54'),
(40, 138, 333.48, 'expense', 'Commodi placeat ullam qui.', '2025-02-17 08:40:11'),
(17, 80, 701.69, 'expense', 'Quae alias harum repellat ex corrupti voluptatibus.', '2025-01-10 07:10:17'),
(62, 15, 252.03, 'transfer', 'Tempore et reiciendis corrupti.', '2025-05-28 09:43:55'),
(30, 117, 616.17, 'income', 'Nihil optio voluptatibus aspernatur laboriosam quia pariatur.', '2025-06-19 13:14:44'),
(45, 31, 22.54, 'income', 'Praesentium quam necessitatibus culpa voluptate alias ducimus.', '2025-02-08 17:58:02'),
(3, 42, 501.45, 'expense', 'Atque inventore reprehenderit possimus voluptas hic reiciendis.', '2025-05-07 07:52:47'),
(133, 185, 266.65, 'expense', 'Possimus dolor vero amet.', '2025-01-11 11:19:34'),
(69, 188, 887.55, 'expense', 'Harum non asperiores exercitationem.', '2025-03-26 09:22:04'),
(8, 86, 809.04, 'income', 'Commodi ipsum beatae voluptate nam aliquam facere.', '2025-04-03 01:32:26'),
(17, 68, 715.2, 'expense', 'Molestiae fuga est odio consequuntur illum quas ullam.', '2025-05-13 13:36:34'),
(20, 128, 460.65, 'expense', 'Ut earum et suscipit hic.', '2025-02-20 16:24:48'),
(128, 146, 175.21, 'income', 'Error laborum dolorem neque neque necessitatibus in asperiores.', '2025-03-10 06:22:22'),
(27, 147, 677.38, 'income', 'Quo repellendus beatae nostrum tempora corporis.', '2025-03-30 01:52:51'),
(131, 1, 53.6, 'expense', 'Ea iste veritatis debitis nisi.', '2025-01-14 14:06:04'),
(63, 12, 477.05, 'expense', 'Illum magnam eum inventore ipsa voluptatibus.', '2025-04-16 09:40:48'),
(39, 46, 931.85, 'expense', 'Consequuntur cum minus veritatis cupiditate.', '2024-12-29 19:13:14'),
(142, 183, 743.26, 'expense', 'Numquam est repellat eius incidunt repellat.', '2025-01-05 21:18:10'),
(83, 64, 422.09, 'expense', 'Deserunt natus aliquam possimus illo magnam delectus.', '2025-06-01 02:05:30'),
(70, 20, 575.82, 'income', 'Natus dicta nihil quas aut beatae.', '2025-03-26 14:39:21'),
(14, 46, 230.95, 'expense', 'Nobis provident nemo tempore maxime.', '2025-01-19 21:50:36'),
(12, 103, 78.24, 'expense', 'Impedit eius ratione consectetur provident.', '2025-04-06 07:46:10'),
(73, 199, 846.4, 'expense', 'Voluptates eum tempore tenetur ab voluptatem quam.', '2025-05-11 11:24:18'),
(142, 117, 17.89, 'income', 'Quibusdam cupiditate natus quos eaque quia voluptatem.', '2025-03-05 22:06:30'),
(145, 78, 742.18, 'income', 'Doloremque ullam atque commodi.', '2025-03-05 20:20:43'),
(95, 152, 972.14, 'transfer', 'Ullam omnis natus fugit.', '2025-02-14 09:14:56'),
(51, 188, 901.44, 'expense', 'Earum nesciunt nam eum quasi excepturi.', '2025-06-17 11:52:06'),
(63, 39, 16.31, 'expense', 'Ullam quae natus est nisi.', '2025-02-10 04:53:45'),
(60, 139, 352.96, 'expense', 'Quo nobis omnis cum necessitatibus adipisci ducimus.', '2025-02-21 01:55:28');

