-- Inicia a transação
BEGIN;

-- --------------------------------------------------------
-- Criação dos tipos ENUM personalizados (necessário no PostgreSQL)
-- --------------------------------------------------------

CREATE TYPE modalidade_enum AS ENUM ('Presencial', 'EAD', 'Híbrido', 'Semipresencial');
CREATE TYPE sexo_enum AS ENUM ('Masculino', 'Feminino', 'Outro', 'Não Informado');
CREATE TYPE titulacao_enum AS ENUM ('Graduado', 'Especialista', 'Mestre', 'Doutor', 'Pós-Doutor');
CREATE TYPE tipo_sala_enum AS ENUM ('Sala de Aula', 'Laboratório', 'Auditório');

-- --------------------------------------------------------
-- Banco de dados: "bd2"
-- --------------------------------------------------------

-- --------------------------------------------------------

--
-- Estrutura para tabela "afinidade_professor"
--

CREATE TABLE "afinidade_professor" (
  "id" SERIAL NOT NULL, -- Alterado de int(11) para SERIAL
  "matricula_professor" varchar(20) NOT NULL,
  "cod_disciplina" varchar(10) NOT NULL,
  "data_inclusao" date DEFAULT NULL,
  "data_encerramento" date DEFAULT NULL
);

--
-- Despejando dados para a tabela "afinidade_professor"
--

INSERT INTO "afinidade_professor" ("id", "matricula_professor", "cod_disciplina", "data_inclusao", "data_encerramento") VALUES
(600, 'P0001', 'D007', '2014-01-25', NULL),
(601, 'P0001', 'D004', '2022-09-22', NULL),
(602, 'P0002', 'D018', '2020-05-06', NULL),
(603, 'P0003', 'D010', '2011-07-06', NULL),
(604, 'P0004', 'D004', '2023-01-09', NULL),
(605, 'P0004', 'D007', '2020-12-05', NULL),
(606, 'P0005', 'D012', '2024-09-13', NULL),
(607, 'P0005', 'D005', '2015-04-06', NULL),
(608, 'P0006', 'D010', '2023-11-24', NULL),
(609, 'P0007', 'D007', '2017-02-16', NULL),
(610, 'P0008', 'D015', '2023-02-07', NULL),
(611, 'P0008', 'D011', '2013-06-02', NULL),
(612, 'P0008', 'D010', '2022-09-08', NULL),
(613, 'P0009', 'D011', '2013-10-13', NULL),
(614, 'P0009', 'D014', '2010-02-09', NULL),
(615, 'P0010', 'D008', '2024-05-16', NULL),
(616, 'P0010', 'D020', '2019-10-13', NULL),
(617, 'P0011', 'D012', '2017-06-09', NULL),
(618, 'P0011', 'D005', '2020-10-06', NULL),
(619, 'P0012', 'D015', '2020-12-03', NULL),
(620, 'P0012', 'D012', '2022-05-17', NULL),
(621, 'P0012', 'D010', '2012-06-10', NULL),
(622, 'P0013', 'D020', '2016-04-17', NULL),
(623, 'P0013', 'D003', '2013-02-20', NULL),
(624, 'P0014', 'D009', '2011-09-10', NULL),
(625, 'P0014', 'D003', '2010-06-02', NULL),
(626, 'P0015', 'D019', '2022-12-26', NULL),
(627, 'P0016', 'D019', '2022-05-16', NULL),
(628, 'P0016', 'D007', '2015-11-05', NULL),
(629, 'P0016', 'D002', '2022-03-11', NULL),
(630, 'P0017', 'D005', '2015-01-04', NULL),
(631, 'P0017', 'D012', '2023-03-24', NULL),
(632, 'P0017', 'D013', '2016-07-11', NULL),
(633, 'P0018', 'D015', '2021-06-13', NULL),
(634, 'P0018', 'D017', '2012-01-12', NULL),
(635, 'P0019', 'D012', '2024-11-11', NULL),
(636, 'P0019', 'D017', '2015-05-11', NULL),
(637, 'P0019', 'D001', '2023-10-10', NULL),
(638, 'P0020', 'D017', '2020-01-04', NULL),
(639, 'P0020', 'D005', '2013-07-28', NULL),
(640, 'P0021', 'D019', '2024-10-15', NULL),
(641, 'P0021', 'D020', '2013-04-12', NULL),
(642, 'P0022', 'D012', '2020-12-08', NULL),
(643, 'P0022', 'D002', '2015-03-14', NULL),
(644, 'P0022', 'D008', '2011-05-30', NULL),
(645, 'P0023', 'D012', '2010-12-17', NULL),
(646, 'P0023', 'D008', '2024-12-30', NULL),
(647, 'P0024', 'D017', '2018-09-15', NULL),
(648, 'P0024', 'D012', '2020-07-14', NULL),
(649, 'P0025', 'D002', '2012-04-25', NULL),
(650, 'P0025', 'D020', '2021-09-11', NULL),
(651, 'P0025', 'D011', '2024-03-18', NULL),
(652, 'P0026', 'D009', '2022-03-18', NULL),
(653, 'P0026', 'D019', '2022-10-15', NULL),
(654, 'P0027', 'D013', '2018-03-12', NULL),
(655, 'P0027', 'D020', '2023-03-08', NULL),
(656, 'P0028', 'D017', '2015-08-23', NULL),
(657, 'P0029', 'D008', '2017-11-30', NULL),
(658, 'P0029', 'D017', '2017-09-27', NULL),
(659, 'P0029', 'D013', '2020-12-02', NULL),
(660, 'P0030', 'D020', '2013-02-12', NULL),
(661, 'P0030', 'D001', '2019-11-13', NULL),
(662, 'P0030', 'D017', '2013-09-18', NULL),
(663, 'P0031', 'D003', '2024-06-07', NULL),
(664, 'P0031', 'D017', '2016-04-19', NULL),
(665, 'P0032', 'D005', '2013-07-13', NULL),
(666, 'P0032', 'D006', '2018-02-15', NULL),
(667, 'P0033', 'D008', '2019-04-20', NULL),
(668, 'P0034', 'D004', '2020-09-27', NULL),
(669, 'P0034', 'D016', '2020-09-29', NULL),
(670, 'P0035', 'D019', '2024-07-08', NULL),
(671, 'P0035', 'D006', '2019-03-21', NULL),
(672, 'P0036', 'D008', '2010-12-20', NULL),
(673, 'P0037', 'D019', '2013-08-12', NULL),
(674, 'P0037', 'D020', '2013-01-08', NULL),
(675, 'P0038', 'D019', '2013-04-18', NULL),
(676, 'P0039', 'D006', '2015-10-17', NULL),
(677, 'P0040', 'D017', '2023-06-11', NULL),
(678, 'P0040', 'D013', '2022-08-23', NULL),
(679, 'P0041', 'D010', '2011-12-04', NULL),
(680, 'P0042', 'D015', '2020-10-20', NULL),
(681, 'P0042', 'D016', '2013-10-29', NULL),
(682, 'P0043', 'D014', '2023-01-26', NULL),
(683, 'P0043', 'D005', '2014-01-29', NULL),
(684, 'P0044', 'D006', '2020-03-03', NULL),
(685, 'P0044', 'D011', '2023-05-19', NULL),
(686, 'P0045', 'D008', '2018-06-26', NULL),
(687, 'P0046', 'D005', '2014-07-16', NULL),
(688, 'P0046', 'D004', '2021-09-22', NULL),
(689, 'P0046', 'D001', '2021-04-24', NULL),
(690, 'P0047', 'D005', '2020-09-03', NULL),
(691, 'P0047', 'D004', '2023-10-16', NULL),
(692, 'P0047', 'D006', '2023-06-15', NULL),
(693, 'P0048', 'D018', '2021-04-16', NULL),
(694, 'P0049', 'D003', '2020-10-25', NULL),
(695, 'P0050', 'D020', '2010-01-10', NULL),
(696, 'P0050', 'D018', '2024-07-24', NULL);

-- --------------------------------------------------------

--
-- Estrutura para tabela "aluno"
--

CREATE TABLE "aluno" (
  "matricula" varchar(20) NOT NULL,
  "cod_mec" integer NOT NULL, -- Alterado de int(11)
  "data_inicio" date DEFAULT NULL,
  "cpf" char(11) NOT NULL
);

--
-- Despejando dados para a tabela "aluno"
--

INSERT INTO "aluno" ("matricula", "cod_mec", "data_inicio", "cpf") VALUES
('A0001', 1002, '2019-04-09', '07337543303'),
('A0002', 1002, '2018-08-29', '67749649909'),
('A0003', 1002, '2019-03-01', '59401399049'),
('A0004', 1004, '2024-08-16', '03910651801'),
('A0005', 1004, '2024-05-19', '88680589113'),
('A0006', 1004, '2020-01-13', '90515186449'),
('A0007', 1004, '2022-01-08', '31473799650'),
('A0008', 1001, '2025-09-04', '93752654793'),
('A0009', 1002, '2023-06-02', '69985435346'),
('A0010', 1004, '2019-04-08', '31599965047'),
('A0011', 1004, '2022-12-11', '47826137506'),
('A0012', 1001, '2018-09-17', '20715182037'),
('A0013', 1003, '2025-05-06', '50240268117'),
('A0014', 1003, '2018-02-20', '30305486874'),
('A0015', 1002, '2025-07-06', '07562636897'),
('A0016', 1003, '2023-10-28', '98687277434'),
('A0017', 1001, '2022-11-08', '13900532931'),
('A0018', 1002, '2023-05-28', '77014363495'),
('A0019', 1003, '2025-06-11', '54235733221'),
('A0020', 1004, '2019-09-01', '84044997278'),
('A0021', 1001, '2018-02-17', '65787133150'),
('A0022', 1002, '2023-09-02', '05982620450'),
('A0023', 1004, '2023-07-24', '28498776945'),
('A0024', 1002, '2018-11-03', '02620672400'),
('A0025', 1004, '2021-08-06', '08860084840'),
('A0026', 1002, '2021-09-17', '56465193982'),
('A0027', 1003, '2018-07-26', '41605297516'),
('A0028', 1002, '2024-03-04', '19049663193'),
('A0029', 1004, '2022-07-10', '78248963834'),
('A0030', 1002, '2018-11-19', '18242253584'),
('A0031', 1004, '2022-12-25', '30564139537'),
('A0032', 1004, '2018-12-27', '42786801128'),
('A0033', 1004, '2023-01-06', '97439533942'),
('A0034', 1003, '2019-05-02', '22292706537'),
('A0035', 1004, '2025-04-30', '11824493534'),
('A0036', 1001, '2019-02-25', '31190790306'),
('A0037', 1004, '2022-08-16', '98393010310'),
('A0038', 1001, '2024-04-01', '75273545494'),
('A0039', 1001, '2019-01-08', '41888059296'),
('A0040', 1003, '2023-09-14', '52909656101'),
('A0041', 1002, '2025-05-05', '77345401938'),
('A0042', 1004, '2021-10-28', '67866912517'),
('A0043', 1003, '2018-08-11', '03432445107'),
('A0044', 1002, '2023-02-05', '29922995900'),
('A0045', 1003, '2024-04-13', '01657120826'),
('A0046', 1004, '2025-05-15', '26916697848'),
('A0047', 1003, '2023-01-28', '28327648350'),
('A0048', 1001, '2019-02-04', '51370985931'),
('A0049', 1002, '2018-01-09', '51585064317'),
('A0050', 1003, '2021-12-25', '70462265676'),
('A0051', 1003, '2024-02-22', '99534283644'),
('A0052', 1003, '2019-03-12', '00025787298'),
('A0053', 1001, '2019-11-04', '61227530463'),
('A0054', 1004, '2019-07-30', '79979955271'),
('A0055', 1004, '2019-03-15', '42708668826'),
('A0056', 1003, '2024-11-07', '71167190229'),
('A0057', 1002, '2020-02-08', '67242388496'),
('A0058', 1001, '2022-05-29', '83842513542'),
('A0059', 1002, '2023-02-16', '68998094024'),
('A0060', 1002, '2021-10-16', '67054668893'),
('A0061', 1001, '2022-08-25', '44198665240'),
('A0062', 1001, '2025-02-06', '25881537147'),
('A0063', 1001, '2023-01-20', '85067165726'),
('A0064', 1004, '2025-05-21', '56624628733'),
('A0065', 1002, '2023-08-06', '77725228728'),
('A0066', 1001, '2023-12-13', '13341232812'),
('A0067', 1001, '2024-03-16', '10470952145'),
('A0068', 1004, '2024-07-24', '63605766270'),
('A0069', 1004, '2023-09-14', '83933529042'),
('A0070', 1002, '2024-06-27', '45502296120'),
('A0071', 1002, '2019-06-10', '41318699938'),
('A0072', 1001, '2022-05-06', '96532871012'),
('A0073', 1003, '2023-08-27', '10943969078'),
('A0074', 1004, '2022-09-11', '73830284395'),
('A0075', 1002, '2021-01-25', '03875099770'),
('A0076', 1004, '2021-11-05', '62174596158'),
('A0077', 1003, '2023-01-29', '83172788957'),
('A0078', 1002, '2019-07-20', '54310278681'),
('A0079', 1004, '2024-10-03', '67888610158'),
('A0080', 1003, '2024-02-22', '97882081219'),
('A0081', 1003, '2024-03-17', '24751079911'),
('A0082', 1002, '2020-04-02', '95944064090'),
('A0083', 1002, '2024-12-31', '38267586926'),
('A0084', 1003, '2025-09-13', '43114262655'),
('A0085', 1003, '2025-07-17', '01845146270'),
('A0086', 1002, '2025-04-16', '31243292127'),
('A0087', 1002, '2023-08-26', '49915478872'),
('A0088', 1003, '2019-04-18', '26025634216'),
('A0089', 1003, '2024-04-22', '95327877470'),
('A0090', 1004, '2024-07-15', '68071545168'),
('A0091', 1004, '2025-07-24', '67976438156'),
('A0092', 1003, '2022-09-27', '56049451983'),
('A0093', 1001, '2023-11-12', '46474367136'),
('A0094', 1001, '2018-04-14', '72715518844'),
('A0095', 1004, '2019-08-19', '73763116566'),
('A0096', 1001, '2025-07-08', '43135182337'),
('A0097', 1001, '2020-03-29', '03450541566'),
('A0098', 1003, '2019-10-22', '14919058651'),
('A0099', 1003, '2025-08-31', '43410369711'),
('A0100', 1003, '2019-08-23', '47007661771'),
('A0101', 1001, '2025-09-29', '65780913431'),
('A0102', 1003, '2020-04-15', '75588675339'),
('A0103', 1001, '2022-01-09', '28421020539'),
('A0104', 1004, '2019-02-24', '87431527420'),
('A0105', 1002, '2025-04-04', '74549904530'),
('A0106', 1004, '2020-08-31', '32480861317'),
('A0107', 1003, '2025-06-14', '62328588424'),
('A0108', 1001, '2022-04-12', '00330923271'),
('A0109', 1004, '2022-09-03', '88880670654'),
('A0110', 1003, '2024-03-11', '18366752545'),
('A0111', 1001, '2018-02-23', '78585497334'),
('A0112', 1003, '2020-04-11', '95931034131'),
('A0113', 1004, '2020-07-12', '30047868633'),
('A0114', 1003, '2024-08-07', '23430980500'),
('A0115', 1002, '2020-03-03', '42199330833'),
('A0116', 1003, '2023-01-13', '76527758416'),
('A0117', 1002, '2025-08-28', '72896230913'),
('A0118', 1001, '2020-02-05', '21024994717'),
('A0119', 1002, '2023-10-06', '87347143455'),
('A0120', 1001, '2022-03-26', '70106513338'),
('A0121', 1001, '2022-10-22', '28809570154'),
('A0122', 1003, '2024-03-29', '16873395004'),
('A0123', 1003, '2019-06-17', '16878499121'),
('A0124', 1002, '2024-07-20', '84344375758'),
('A0125', 1003, '2018-01-24', '77449058147'),
('A0126', 1003, '2023-03-26', '21264647154'),
('A0127', 1002, '2018-06-13', '08926870568'),
('A0128', 1002, '2021-08-14', '12748467737'),
('A0129', 1001, '2025-01-05', '46488771906'),
('A0130', 1003, '2023-07-03', '88794705516'),
('A0131', 1003, '2018-10-26', '08013267736'),
('A0132', 1003, '2023-11-23', '16928451154'),
('A0133', 1002, '2020-01-24', '14978403690'),
('A0134', 1001, '2023-09-01', '13696816453'),
('A0135', 1002, '2022-08-31', '64016582029'),
('A0136', 1004, '2019-01-12', '08010062312'),
('A0137', 1003, '2020-06-25', '54932966851'),
('A0138', 1002, '2025-06-10', '58760366909'),
('A0139', 1003, '2021-09-18', '48652816850'),
('A0140', 1003, '2021-04-17', '78856855744'),
('A0141', 1002, '2024-12-07', '74612004711'),
('A0142', 1004, '2024-04-18', '06071596966'),
('A0143', 1001, '2019-04-15', '15921249985'),
('A0144', 1003, '2022-12-31', '44739473121'),
('A0145', 1002, '2025-03-15', '37993712406'),
('A0146', 1002, '2018-06-13', '94738347359'),
('A0147', 1003, '2022-04-12', '88356159514'),
('A0148', 1001, '2022-04-30', '48951343320'),
('A0149', 1003, '2024-01-22', '06853615305'),
('A0150', 1003, '2018-04-12', '95396218518'),
('A0151', 1003, '2023-10-08', '19956046618'),
('A0152', 1004, '2023-06-17', '46417080531'),
('A0153', 1001, '2021-04-29', '27557192856'),
('A0154', 1002, '2021-08-05', '25952694958'),
('A0155', 1001, '2019-01-29', '82639821465'),
('A0156', 1002, '2024-01-13', '52181883552'),
('A0157', 1001, '2025-01-11', '47962757059'),
('A0158', 1001, '2020-05-13', '65452711116'),
('A0159', 1002, '2025-09-08', '70054119986'),
('A0160', 1004, '2019-03-02', '23536937854'),
('A0161', 1002, '2024-01-12', '35403317393'),
('A0162', 1004, '2025-04-02', '46990139837'),
('A0163', 1001, '2025-09-11', '85277221704'),
('A0164', 1002, '2018-04-08', '77468862392'),
('A0165', 1004, '2021-09-20', '36736576615'),
('A0166', 1001, '2018-12-25', '78892554665'),
('A0167', 1001, '2018-08-11', '65414586850'),
('A0168', 1002, '2020-10-28', '71397187072'),
('A0169', 1001, '2024-06-13', '48281489325'),
('A0170', 1002, '2020-11-25', '99577738721'),
('A0171', 1004, '2022-05-09', '49894134352'),
('A0172', 1004, '2025-01-25', '06797403447'),
('A0173', 1004, '2022-11-09', '61172400504'),
('A0174', 1003, '2018-03-11', '39826224447'),
('A0175', 1004, '2025-07-20', '70213556909'),
('A0176', 1001, '2023-12-31', '80831367837'),
('A0177', 1001, '2025-03-12', '65585239868'),
('A0178', 1001, '2024-07-26', '17426841459'),
('A0179', 1001, '2018-10-25', '03926142939'),
('A0180', 1003, '2023-08-22', '02787429671'),
('A0181', 1001, '2021-04-02', '58957829114'),
('A0182', 1003, '2024-10-20', '94097499309'),
('A0183', 1001, '2021-02-27', '58771753556'),
('A0184', 1004, '2022-04-12', '28951718702'),
('A0185', 1004, '2025-05-30', '40824008427'),
('A0186', 1001, '2023-04-26', '51834738299'),
('A0187', 1002, '2023-12-26', '17964053773'),
('A0188', 1002, '2019-07-13', '40758181412'),
('A0189', 1004, '2024-02-14', '86211823398'),
('A0190', 1003, '2025-02-10', '78498084124'),
('A0191', 1002, '2021-05-05', '30391171822'),
('A0192', 1003, '2018-02-15', '79808932460'),
('A0193', 1002, '2019-05-20', '14294019655'),
('A0194', 1001, '2018-01-21', '13493618324'),
('A0195', 1004, '2024-01-10', '34351751830'),
('A0196', 1001, '2021-06-02', '41016668700'),
('A0197', 1002, '2021-11-09', '41574733848'),
('A0198', 1002, '2022-08-18', '02838578652'),
('A0199', 1002, '2019-10-22', '80737416724'),
('A0200', 1002, '2020-06-23', '25192546291');

-- --------------------------------------------------------

--
-- Estrutura para tabela "curso"
--

CREATE TABLE "curso" (
  "cod_mec" integer NOT NULL, -- Alterado de int(11)
  "nome" varchar(255) NOT NULL,
  "data_autorizacao" date DEFAULT NULL,
  "modalidade" modalidade_enum NOT NULL -- Alterado para o tipo ENUM criado
);

--
-- Despejando dados para a tabela "curso"
--

INSERT INTO "curso" ("cod_mec", "nome", "data_autorizacao", "modalidade") VALUES
(1001, 'Ciência da Computação', '2010-03-15', 'Presencial'),
(1002, 'Engenharia de Software', '2012-08-20', 'Presencial'),
(1003, 'Sistemas de Informação', '2015-02-10', 'EAD'),
(1004, 'Análise e Desenvolvimento de Sistemas', '2018-06-05', 'Híbrido');

-- --------------------------------------------------------

--
-- Estrutura para tabela "disciplina"
--

CREATE TABLE "disciplina" (
  "cod_disciplina" varchar(10) NOT NULL,
  "nome" varchar(255) NOT NULL,
  "carga_horaria" integer DEFAULT NULL, -- Alterado de int(11)
  "ementa" text DEFAULT NULL
);

--
-- Despejando dados para a tabela "disciplina"
--

INSERT INTO "disciplina" ("cod_disciplina", "nome", "carga_horaria", "ementa") VALUES
('D001', 'Programação I', 60, 'Ementa de Programação I (conteúdo simulado).'),
('D002', 'Programação II', 60, 'Ementa de Programação II (conteúdo simulado).'),
('D003', 'Estruturas de Dados', 90, 'Ementa de Estruturas de Dados (conteúdo simulado).'),
('D004', 'Banco de Dados', 80, 'Ementa de Banco de Dados (conteúdo simulado).'),
('D005', 'Sistemas Operacionais', 80, 'Ementa de Sistemas Operacionais (conteúdo simulado).'),
('D006', 'Engenharia de Requisitos', 80, 'Ementa de Engenharia de Requisitos (conteúdo simulado).'),
('D007', 'Arquitetura de Software', 60, 'Ementa de Arquitetura de Software (conteúdo simulado).'),
('D008', 'Redes de Computadores', 120, 'Ementa de Redes de Computadores (conteúdo simulado).'),
('D009', 'Inteligência Artificial', 60, 'Ementa de Inteligência Artificial (conteúdo simulado).'),
('D010', 'Banco de Dados Avançado', 120, 'Ementa de Banco de Dados Avançado (conteúdo simulado).'),
('D011', 'Linguagens Formais', 100, 'Ementa de Linguagens Formais (conteúdo simulado).'),
('D012', 'Compiladores', 60, 'Ementa de Compiladores (conteúdo simulado).'),
('D013', 'Testes de Software', 60, 'Ementa de Testes de Software (conteúdo simulado).'),
('D014', 'Interfaces Homem-Computador', 60, 'Ementa de Interfaces Homem-Computador (conteúdo simulado).'),
('D015', 'Segurança da Informação', 80, 'Ementa de Segurança da Informação (conteúdo simulado).'),
('D016', 'Projeto de Software', 80, 'Ementa de Projeto de Software (conteúdo simulado).'),
('D017', 'Metodologias Ágeis', 120, 'Ementa de Metodologias Ágeis (conteúdo simulado).'),
('D018', 'Desenvolvimento Web', 120, 'Ementa de Desenvolvimento Web (conteúdo simulado).'),
('D019', 'Desenvolvimento Mobile', 60, 'Ementa de Desenvolvimento Mobile (conteúdo simulado).'),
('D020', 'Estágio Supervisionado', 120, 'Ementa de Estágio Supervisionado (conteúdo simulado).');

-- --------------------------------------------------------

--
-- Estrutura para tabela "horario_aluno"
--

CREATE TABLE "horario_aluno" (
  "id" varchar(15) NOT NULL,
  "matricula_aluno" varchar(20) NOT NULL,
  "id_oferta_semestre" integer NOT NULL -- Alterado de int(11)
);

--
-- Despejando dados para a tabela "horario_aluno"
--

INSERT INTO "horario_aluno" ("id", "matricula_aluno", "id_oferta_semestre") VALUES
('H00001', 'A0001', 132),
('H00003', 'A0001', 136),
('H00002', 'A0001', 155),
('H00004', 'A0002', 130),
('H00005', 'A0002', 131),
('H00006', 'A0002', 150),
('H00007', 'A0003', 131),
('H00008', 'A0003', 134),
('H00009', 'A0003', 135),
('H00012', 'A0004', 131),
('H00010', 'A0004', 132),
('H00011', 'A0004', 133),
('H00013', 'A0005', 134),
('H00015', 'A0005', 141),
('H00014', 'A0005', 158),
('H00017', 'A0006', 125),
('H00018', 'A0006', 126),
('H00016', 'A0006', 128),
('H00019', 'A0007', 124),
('H00020', 'A0007', 150),
('H00021', 'A0007', 158),
('H00022', 'A0008', 119),
('H00024', 'A0008', 121),
('H00023', 'A0008', 153),
('H00026', 'A0009', 142),
('H00025', 'A0009', 149),
('H00027', 'A0009', 158),
('H00028', 'A0010', 139),
('H00029', 'A0010', 150),
('H00030', 'A0010', 155),
('H00033', 'A0011', 130),
('H00031', 'A0011', 136),
('H00032', 'A0011', 150),
('H00035', 'A0012', 136),
('H00036', 'A0012', 144),
('H00034', 'A0012', 151),
('H00039', 'A0013', 127),
('H00037', 'A0013', 133),
('H00038', 'A0013', 155),
('H00040', 'A0014', 122),
('H00042', 'A0014', 146),
('H00041', 'A0014', 152),
('H00045', 'A0015', 121),
('H00043', 'A0015', 149),
('H00044', 'A0015', 153),
('H00047', 'A0016', 141),
('H00048', 'A0016', 144),
('H00046', 'A0016', 151),
('H00051', 'A0017', 126),
('H00049', 'A0017', 130),
('H00050', 'A0017', 148),
('H00054', 'A0018', 139),
('H00053', 'A0018', 148),
('H00052', 'A0018', 152),
('H00055', 'A0019', 119),
('H00056', 'A0019', 132),
('H00057', 'A0019', 143),
('H00059', 'A0020', 125),
('H00060', 'A0020', 139),
('H00058', 'A0020', 156),
('H00063', 'A0021', 135),
('H00061', 'A0021', 142),
('H00062', 'A0021', 158),
('H00064', 'A0022', 130),
('H00066', 'A0022', 135),
('H00065', 'A0022', 154),
('H00067', 'A0023', 134),
('H00068', 'A0023', 136),
('H00069', 'A0023', 149),
('H00071', 'A0024', 140),
('H00072', 'A0024', 142),
('H00070', 'A0024', 158),
('H00073', 'A0025', 130),
('H00075', 'A0025', 146),
('H00074', 'A0025', 150),
('H00076', 'A0026', 132),
('H00078', 'A0026', 142),
('H00077', 'A0026', 145),
('H00081', 'A0027', 136),
('H00079', 'A0027', 142),
('H00080', 'A0027', 144),
('H00083', 'A0028', 130),
('H00082', 'A0028', 147),
('H00084', 'A0028', 155),
('H00085', 'A0029', 127),
('H00087', 'A0029', 133),
('H00086', 'A0029', 155),
('H00088', 'A0030', 125),
('H00090', 'A0030', 134),
('H00089', 'A0030', 136),
('H00093', 'A0031', 143),
('H00092', 'A0031', 146),
('H00091', 'A0031', 154),
('H00095', 'A0032', 128),
('H00094', 'A0032', 131),
('H00096', 'A0032', 149),
('H00097', 'A0033', 119),
('H00098', 'A0033', 130),
('H00099', 'A0033', 145),
('H00101', 'A0034', 127),
('H00100', 'A0034', 150),
('H00102', 'A0034', 152),
('H00104', 'A0035', 139),
('H00105', 'A0035', 150),
('H00103', 'A0035', 153),
('H00107', 'A0036', 135),
('H00106', 'A0036', 138),
('H00108', 'A0036', 154),
('H00110', 'A0037', 122),
('H00111', 'A0037', 144),
('H00109', 'A0037', 155),
('H00114', 'A0038', 122),
('H00112', 'A0038', 125),
('H00113', 'A0038', 129),
('H00115', 'A0039', 132),
('H00116', 'A0039', 135),
('H00117', 'A0039', 149),
('H00118', 'A0040', 125),
('H00120', 'A0040', 140),
('H00119', 'A0040', 147),
('H00121', 'A0041', 135),
('H00122', 'A0041', 142),
('H00123', 'A0041', 154),
('H00125', 'A0042', 135),
('H00126', 'A0042', 141),
('H00124', 'A0042', 154),
('H00127', 'A0043', 120),
('H00129', 'A0043', 126),
('H00128', 'A0043', 145),
('H00132', 'A0044', 131),
('H00130', 'A0044', 141),
('H00131', 'A0044', 157),
('H00135', 'A0045', 130),
('H00134', 'A0045', 153),
('H00133', 'A0045', 155),
('H00136', 'A0046', 137),
('H00138', 'A0046', 139),
('H00137', 'A0046', 141),
('H00141', 'A0047', 147),
('H00140', 'A0047', 150),
('H00139', 'A0047', 151),
('H00142', 'A0048', 124),
('H00143', 'A0048', 143),
('H00144', 'A0048', 158),
('H00147', 'A0049', 128),
('H00145', 'A0049', 137),
('H00146', 'A0049', 148),
('H00148', 'A0050', 129),
('H00149', 'A0050', 140),
('H00150', 'A0050', 145),
('H00153', 'A0051', 144),
('H00152', 'A0051', 155),
('H00151', 'A0051', 158),
('H00154', 'A0052', 123),
('H00155', 'A0052', 124),
('H00156', 'A0052', 129),
('H00158', 'A0053', 133),
('H00159', 'A0053', 139),
('H00157', 'A0053', 140),
('H00162', 'A0054', 136),
('H00161', 'A0054', 137),
('H00160', 'A0054', 139),
('H00165', 'A0055', 136),
('H00164', 'A0055', 144),
('H00163', 'A0055', 157),
('H00167', 'A0056', 142),
('H00166', 'A0056', 147),
('H00168', 'A0056', 156),
('H00171', 'A0057', 145),
('H00170', 'A0057', 147),
('H00169', 'A0057', 152),
('H00174', 'A0058', 120),
('H00172', 'A0058', 129),
('H00173', 'A0058', 130),
('H00175', 'A0059', 127),
('H00176', 'A0059', 134),
('H00177', 'A0059', 135),
('H00178', 'A0060', 124),
('H00180', 'A0060', 129),
('H00179', 'A0060', 132),
('H00183', 'A0061', 123),
('H00182', 'A0061', 125),
('H00181', 'A0061', 144),
('H00186', 'A0062', 122),
('H00184', 'A0062', 149),
('H00185', 'A0062', 154),
('H00187', 'A0063', 120),
('H00188', 'A0063', 144),
('H00189', 'A0063', 152),
('H00190', 'A0064', 124),
('H00191', 'A0064', 125),
('H00192', 'A0064', 135),
('H00195', 'A0065', 124),
('H00194', 'A0065', 128),
('H00193', 'A0065', 158),
('H00198', 'A0066', 133),
('H00197', 'A0066', 138),
('H00196', 'A0066', 143),
('H00199', 'A0067', 134),
('H00200', 'A0067', 137),
('H00201', 'A0067', 147),
('H00202', 'A0068', 127),
('H00204', 'A0068', 129),
('H00203', 'A0068', 152),
('H00205', 'A0069', 120),
('H00206', 'A0069', 121),
('H00207', 'A0069', 141),
('H00208', 'A0070', 139),
('H00210', 'A0070', 148),
('H00209', 'A0070', 149),
('H00212', 'A0071', 136),
('H00211', 'A0071', 153),
('H00213', 'A0071', 154),
('H00215', 'A0072', 127),
('H00214', 'A0072', 147),
('H00216', 'A0072', 153),
('H00217', 'A0073', 130),
('H00218', 'A0073', 156),
('H00219', 'A0073', 157),
('H00222', 'A0074', 146),
('H00220', 'A0074', 148),
('H00221', 'A0074', 155),
('H00225', 'A0075', 138),
('H00223', 'A0075', 152),
('H00224', 'A0075', 153),
('H00226', 'A0076', 141),
('H00227', 'A0076', 149),
('H00228', 'A0076', 153),
('H00230', 'A0077', 124),
('H00229', 'A0077', 133),
('H00231', 'A0077', 147),
('H00232', 'A0078', 138),
('H00233', 'A0078', 142),
('H00234', 'A0078', 145),
('H00236', 'A0079', 128),
('H00235', 'A0079', 135),
('H00237', 'A0079', 138),
('H00238', 'A0080', 119),
('H00240', 'A0080', 127),
('H00239', 'A0080', 152),
('H00242', 'A0081', 137),
('H00241', 'A0081', 141),
('H00243', 'A0081', 149),
('H00245', 'A0082', 119),
('H00246', 'A0082', 150),
('H00244', 'A0082', 153),
('H00249', 'A0083', 119),
('H00248', 'A0083', 138),
('H00247', 'A0083', 149),
('H00251', 'A0084', 137),
('H00250', 'A0084', 146),
('H00252', 'A0084', 157),
('H00254', 'A0085', 119),
('H00253', 'A0085', 133),
('H00255', 'A0085', 154),
('H00257', 'A0086', 131),
('H00256', 'A0086', 142),
('H00258', 'A0086', 145),
('H00261', 'A0087', 144),
('H00260', 'A0087', 146),
('H00259', 'A0087', 154),
('H00263', 'A0088', 129),
('H00262', 'A0088', 134),
('H00264', 'A0088', 143),
('H00266', 'A0089', 133),
('H00267', 'A0089', 135),
('H00265', 'A0089', 143),
('H00268', 'A0090', 124),
('H00270', 'A0090', 134),
('H00269', 'A0090', 146),
('H00273', 'A0091', 136),
('H00271', 'A0091', 152),
('H00272', 'A0091', 158),
('H00276', 'A0092', 136),
('H00274', 'A0092', 137),
('H00275', 'A0092', 153),
('H00279', 'A0093', 123),
('H00278', 'A0093', 131),
('H00277', 'A0093', 145),
('H00281', 'A0094', 127),
('H00280', 'A0094', 130),
('H00282', 'A0094', 137),
('H00283', 'A0095', 126),
('H00284', 'A0095', 148),
('H00285', 'A0095', 158),
('H00287', 'A0096', 136),
('H00286', 'A0096', 147),
('H00288', 'A0096', 158),
('H00290', 'A0097', 131),
('H00291', 'A0097', 139),
('H00289', 'A0097', 150),
('H00292', 'A0098', 120),
('H00294', 'A0098', 122),
('H00293', 'A0098', 128),
('H00296', 'A0099', 120),
('H00297', 'A0099', 130),
('H00295', 'A0099', 153),
('H00298', 'A0100', 125),
('H00300', 'A0100', 136),
('H00299', 'A0100', 137),
('H00303', 'A0101', 119),
('H00301', 'A0101', 127),
('H00302', 'A0101', 147),
('H00305', 'A0102', 124),
('H00306', 'A0102', 128),
('H00304', 'A0102', 133),
('H00307', 'A0103', 119),
('H00309', 'A0103', 132),
('H00308', 'A0103', 150),
('H00312', 'A0104', 138),
('H00310', 'A0104', 140),
('H00311', 'A0104', 145),
('H00314', 'A0105', 142),
('H00315', 'A0105', 148),
('H00313', 'A0105', 150),
('H00316', 'A0106', 121),
('H00318', 'A0106', 124),
('H00317', 'A0106', 140),
('H00320', 'A0107', 122),
('H00319', 'A0107', 128),
('H00321', 'A0107', 136),
('H00323', 'A0108', 123),
('H00322', 'A0108', 144),
('H00324', 'A0108', 153),
('H00326', 'A0109', 130),
('H00327', 'A0109', 131),
('H00325', 'A0109', 149),
('H00330', 'A0110', 119),
('H00328', 'A0110', 135),
('H00329', 'A0110', 143),
('H00331', 'A0111', 126),
('H00332', 'A0111', 134),
('H00333', 'A0111', 143),
('H00336', 'A0112', 121),
('H00335', 'A0112', 134),
('H00334', 'A0112', 147),
('H00339', 'A0113', 125),
('H00337', 'A0113', 131),
('H00338', 'A0113', 148),
('H00341', 'A0114', 132),
('H00342', 'A0114', 149),
('H00340', 'A0114', 152),
('H00344', 'A0115', 138),
('H00345', 'A0115', 139),
('H00343', 'A0115', 143),
('H00347', 'A0116', 121),
('H00346', 'A0116', 129),
('H00348', 'A0116', 154),
('H00350', 'A0117', 126),
('H00351', 'A0117', 135),
('H00349', 'A0117', 152),
('H00354', 'A0118', 131),
('H00353', 'A0118', 138),
('H00352', 'A0118', 149),
('H00356', 'A0119', 122),
('H00357', 'A0119', 132),
('H00355', 'A0119', 142),
('H00358', 'A0120', 126),
('H00359', 'A0120', 134),
('H00360', 'A0120', 146),
('H00362', 'A0121', 119),
('H00363', 'A0121', 129),
('H00361', 'A0121', 139),
('H00366', 'A0122', 126),
('H00364', 'A0122', 136),
('H00365', 'A0122', 156),
('H00369', 'A0123', 119),
('H00368', 'A0123', 134),
('H00367', 'A0123', 144),
('H00370', 'A0124', 121),
('H00372', 'A0124', 149),
('H00371', 'A0124', 156),
('H00374', 'A0125', 128),
('H00375', 'A0125', 142),
('H00373', 'A0125', 157),
('H00376', 'A0126', 124),
('H00378', 'A0126', 129),
('H00377', 'A0126', 134),
('H00380', 'A0127', 124),
('H00379', 'A0127', 150),
('H00381', 'A0127', 158),
('H00383', 'A0128', 122),
('H00382', 'A0128', 140),
('H00384', 'A0128', 141),
('H00387', 'A0129', 125),
('H00385', 'A0129', 128),
('H00386', 'A0129', 153),
('H00388', 'A0130', 127),
('H00390', 'A0130', 133),
('H00389', 'A0130', 150),
('H00391', 'A0131', 139),
('H00393', 'A0131', 141),
('H00392', 'A0131', 154),
('H00396', 'A0132', 120),
('H00395', 'A0132', 131),
('H00394', 'A0132', 147),
('H00399', 'A0133', 127),
('H00398', 'A0133', 141),
('H00397', 'A0133', 143),
('H00401', 'A0134', 121),
('H00400', 'A0134', 135),
('H00402', 'A0134', 150),
('H00405', 'A0135', 137),
('H00403', 'A0135', 147),
('H00404', 'A0135', 154),
('H00408', 'A0136', 131),
('H00407', 'A0136', 150),
('H00406', 'A0136', 153),
('H00410', 'A0137', 130),
('H00411', 'A0137', 153),
('H00409', 'A0137', 155),
('H00413', 'A0138', 139),
('H00412', 'A0138', 141),
('H00414', 'A0138', 148),
('H00415', 'A0139', 136),
('H00417', 'A0139', 154),
('H00416', 'A0139', 157),
('H00419', 'A0140', 123),
('H00418', 'A0140', 129),
('H00420', 'A0140', 152),
('H00421', 'A0141', 128),
('H00423', 'A0141', 137),
('H00422', 'A0141', 147),
('H00424', 'A0142', 135),
('H00426', 'A0142', 142),
('H00425', 'A0142', 153),
('H00428', 'A0143', 119),
('H00427', 'A0143', 148),
('H00429', 'A0143', 151),
('H00432', 'A0144', 120),
('H00431', 'A0144', 130),
('H00430', 'A0144', 143),
('H00435', 'A0145', 134),
('H00434', 'A0145', 142),
('H00433', 'A0145', 158),
('H00437', 'A0146', 123),
('H00436', 'A0146', 139),
('H00438', 'A0146', 153),
('H00440', 'A0147', 131),
('H00439', 'A0147', 143),
('H00441', 'A0147', 152),
('H00444', 'A0148', 128),
('H00442', 'A0148', 150),
('H00443', 'A0148', 154),
('H00446', 'A0149', 137),
('H00447', 'A0149', 139),
('H00445', 'A0149', 158),
('H00450', 'A0150', 126),
('H00449', 'A0150', 139),
('H00448', 'A0150', 145),
('H00453', 'A0151', 123),
('H00451', 'A0151', 125),
('H00452', 'A0151', 152),
('H00454', 'A0152', 121),
('H00455', 'A0152', 127),
('H00456', 'A0152', 130),
('H00457', 'A0153', 121),
('H00459', 'A0153', 125),
('H00458', 'A0153', 131),
('H00462', 'A0154', 125),
('H00461', 'A0154', 131),
('H00460', 'A0154', 150),
('H00463', 'A0155', 121),
('H00465', 'A0155', 143),
('H00464', 'A0155', 155),
('H00466', 'A0156', 150),
('H00467', 'A0156', 152),
('H00468', 'A0156', 158),
('H00471', 'A0157', 122),
('H00470', 'A0157', 135),
('H00469', 'A0157', 156),
('H00473', 'A0158', 133),
('H00472', 'A0158', 142),
('H00474', 'A0158', 157),
('H00476', 'A0159', 119),
('H00475', 'A0159', 123),
('H00477', 'A0159', 132),
('H00479', 'A0160', 124),
('H00480', 'A0160', 148),
('H00478', 'A0160', 150),
('H00481', 'A0161', 122),
('H00482', 'A0161', 142),
('H00483', 'A0161', 154),
('H00486', 'A0162', 122),
('H00485', 'A0162', 142),
('H00484', 'A0162', 145),
('H00488', 'A0163', 136),
('H00489', 'A0163', 152),
('H00487', 'A0163', 158),
('H00490', 'A0164', 121),
('H00491', 'A0164', 123),
('H00492', 'A0164', 138),
('H00493', 'A0165', 123),
('H00494', 'A0165', 132),
('H00495', 'A0165', 152),
('H00496', 'A0166', 125),
('H00497', 'A0166', 133),
('H00498', 'A0166', 153),
('H00500', 'A0167', 131),
('H00499', 'A0167', 143),
('H00501', 'A0167', 152),
('H00504', 'A0168', 130),
('H00502', 'A0168', 134),
('H00503', 'A0168', 155),
('H00507', 'A0169', 125),
('H00506', 'A0169', 145),
('H00505', 'A0169', 154),
('H00509', 'A0170', 141),
('H00510', 'A0170', 148),
('H00508', 'A0170', 155),
('H00512', 'A0171', 125),
('H00513', 'A0171', 129),
('H00511', 'A0171', 146),
('H00514', 'A0172', 130),
('H00516', 'A0172', 144),
('H00515', 'A0172', 154),
('H00519', 'A0173', 129),
('H00518', 'A0173', 140),
('H00517', 'A0173', 151),
('H00522', 'A0174', 147),
('H00520', 'A0174', 153),
('H00521', 'A0174', 157),
('H00524', 'A0175', 139),
('H00523', 'A0175', 141),
('H00525', 'A0175', 154),
('H00526', 'A0176', 139),
('H00527', 'A0176', 142),
('H00528', 'A0176', 145),
('H00530', 'A0177', 139),
('H00529', 'A0177', 146),
('H00531', 'A0177', 157),
('H00532', 'A0178', 134),
('H00534', 'A0178', 153),
('H00533', 'A0178', 155),
('H00535', 'A0179', 132),
('H00536', 'A0179', 143),
('H00537', 'A0179', 154),
('H00538', 'A0180', 135),
('H00539', 'A0180', 142),
('H00540', 'A0180', 147),
('H00543', 'A0181', 119),
('H00542', 'A0181', 144),
('H00541', 'A0181', 147),
('H00544', 'A0182', 121),
('H00545', 'A0182', 137),
('H00546', 'A0182', 157),
('H00547', 'A0183', 120),
('H00549', 'A0183', 127),
('H00548', 'A0183', 152),
('H00551', 'A0184', 119),
('H00552', 'A0184', 133),
('H00550', 'A0184', 138),
('H00555', 'A0185', 120),
('H00553', 'A0185', 132),
('H00554', 'A0185', 139),
('H00556', 'A0186', 136),
('H00558', 'A0186', 151),
('H00557', 'A0186', 154),
('H00561', 'A0187', 128),
('H00559', 'A0187', 154),
('H00560', 'A0187', 155),
('H00563', 'A0188', 121),
('H00562', 'A0188', 125),
('H00564', 'A0188', 148),
('H00567', 'A0189', 127),
('H00566', 'A0189', 128),
('H00565', 'A0189', 141),
('H00568', 'A0190', 135),
('H00569', 'A0190', 142),
('H00570', 'A0190', 156),
('H00572', 'A0191', 133),
('H00571', 'A0191', 134),
('H00573', 'A0191', 135),
('H00575', 'A0192', 124),
('H00574', 'A0192', 138),
('H00576', 'A0192', 155),
('H00579', 'A0193', 132),
('H00577', 'A0193', 144),
('H00578', 'A0193', 155),
('H00580', 'A0194', 123),
('H00581', 'A0194', 139),
('H00582', 'A0194', 149),
('H00583', 'A0195', 130),
('H00584', 'A0195', 150),
('H00585', 'A0195', 155),
('H00586', 'A0196', 125),
('H00588', 'A0196', 138),
('H00587', 'A0196', 157),
('H00589', 'A0197', 121),
('H00591', 'A0197', 143),
('H00590', 'A0197', 155),
('H00593', 'A0198', 122),
('H00592', 'A0198', 124),
('H00594', 'A0198', 140),
('H00595', 'A0199', 141),
('H00597', 'A0199', 145),
('H00596', 'A0199', 146),
('H00598', 'A0200', 126),
('H00599', 'A0200', 133),
('H00600', 'A0200', 157);

-- --------------------------------------------------------

--
-- Estrutura para tabela "oferta_semestre"
--

CREATE TABLE "oferta_semestre" (
  "id" SERIAL NOT NULL, -- Alterado de int(11) para SERIAL
  "semestre" varchar(8) NOT NULL,
  "id_afinidade_professor" integer NOT NULL, -- Alterado de int(11)
  "codigo_sala" varchar(20) NOT NULL,
  "dia_semana" char(3) DEFAULT NULL,
  "horario_ini" time DEFAULT NULL,
  "horario_fim" time DEFAULT NULL
);

--
-- Despejando dados para a tabela "oferta_semestre"
--

INSERT INTO "oferta_semestre" ("id", "semestre", "id_afinidade_professor", "codigo_sala", "dia_semana", "horario_ini", "horario_fim") VALUES
(119, '2025.1', 655, 'S09', 'Qui', '15:00:00', '16:00:00'),
(120, '2025.1', 689, 'S09', 'Qui', '13:00:00', '15:00:00'),
(121, '2025.1', 648, 'S06', 'Sex', '09:00:00', '11:00:00'),
(122, '2025.1', 617, 'S05', 'Qui', '13:00:00', '14:00:00'),
(123, '2025.1', 636, 'S10', 'Sex', '16:00:00', '18:00:00'),
(124, '2025.1', 624, 'S01', 'Seg', '09:00:00', '12:00:00'),
(125, '2025.1', 600, 'S07', 'Ter', '15:00:00', '17:00:00'),
(126, '2025.1', 646, 'S02', 'Ter', '16:00:00', '19:00:00'),
(127, '2025.1', 674, 'S05', 'Qua', '16:00:00', '19:00:00'),
(128, '2025.1', 646, 'S10', 'Qua', '16:00:00', '17:00:00'),
(129, '2025.1', 652, 'S09', 'Sex', '18:00:00', '19:00:00'),
(130, '2025.1', 647, 'S09', 'Sex', '18:00:00', '20:00:00'),
(131, '2025.1', 639, 'S10', 'Qua', '16:00:00', '19:00:00'),
(132, '2025.1', 617, 'S02', 'Ter', '18:00:00', '21:00:00'),
(133, '2025.1', 620, 'S02', 'Ter', '16:00:00', '18:00:00'),
(134, '2025.1', 670, 'S10', 'Seg', '10:00:00', '12:00:00'),
(135, '2025.1', 681, 'S01', 'Seg', '10:00:00', '12:00:00'),
(136, '2025.1', 676, 'S07', 'Seg', '09:00:00', '11:00:00'),
(137, '2025.1', 628, 'S06', 'Seg', '08:00:00', '11:00:00'),
(138, '2025.1', 649, 'S07', 'Sex', '14:00:00', '17:00:00'),
(139, '2025.1', 676, 'S01', 'Ter', '18:00:00', '20:00:00'),
(140, '2025.1', 601, 'S04', 'Sex', '14:00:00', '15:00:00'),
(141, '2025.1', 604, 'S10', 'Sex', '13:00:00', '16:00:00'),
(142, '2025.1', 621, 'S01', 'Qua', '13:00:00', '16:00:00'),
(143, '2025.1', 600, 'S03', 'Seg', '14:00:00', '16:00:00'),
(144, '2025.1', 645, 'S07', 'Qui', '13:00:00', '16:00:00'),
(145, '2025.1', 601, 'S02', 'Seg', '14:00:00', '17:00:00'),
(146, '2025.1', 671, 'S10', 'Qua', '15:00:00', '17:00:00'),
(147, '2025.1', 628, 'S10', 'Ter', '18:00:00', '20:00:00'),
(148, '2025.1', 673, 'S01', 'Qua', '10:00:00', '12:00:00'),
(149, '2025.1', 664, 'S02', 'Sex', '09:00:00', '12:00:00'),
(150, '2025.1', 637, 'S06', 'Seg', '14:00:00', '17:00:00'),
(151, '2025.1', 673, 'S05', 'Qui', '16:00:00', '19:00:00'),
(152, '2025.1', 661, 'S04', 'Qua', '18:00:00', '21:00:00'),
(153, '2025.1', 658, 'S10', 'Seg', '18:00:00', '19:00:00'),
(154, '2025.1', 633, 'S02', 'Qui', '13:00:00', '16:00:00'),
(155, '2025.1', 689, 'S04', 'Qua', '16:00:00', '18:00:00'),
(156, '2025.1', 666, 'S09', 'Seg', '14:00:00', '15:00:00'),
(157, '2025.1', 636, 'S02', 'Qui', '15:00:00', '16:00:00'),
(158, '2025.1', 670, 'S03', 'Qui', '15:00:00', '17:00:00');

-- --------------------------------------------------------

--
-- Estrutura para tabela "pessoa"
--

CREATE TABLE "pessoa" (
  "cpf" char(11) NOT NULL,
  "nome" varchar(255) NOT NULL,
  "email" varchar(255) DEFAULT NULL,
  "sexo" sexo_enum DEFAULT NULL, -- Alterado para o tipo ENUM criado
  "data_nascimento" date DEFAULT NULL,
  "telefone" varchar(15) DEFAULT NULL
);

--
-- Despejando dados para a tabela "pessoa"
--

INSERT INTO "pessoa" ("cpf", "nome", "email", "sexo", "data_nascimento", "telefone") VALUES
('00025787298', 'Sofia Moreira', 'sofia.moreira102@exemplo.com', 'Não Informado', '1977-07-13', '983357939'),
('00330923271', 'Thiago Oliveira', 'thiago.oliveira158@exemplo.com', 'Outro', '2000-01-26', '911529494'),
('01043289861', 'Fernanda Rocha', 'fernanda.rocha9@exemplo.com', 'Feminino', '1989-09-10', '985141654'),
('01657120826', 'Cauã Souza', 'caua.souza95@exemplo.com', 'Não Informado', '1980-02-21', '953191535'),
('01845146270', 'Gabriela Moreira', 'gabriela.moreira135@exemplo.com', 'Outro', '1994-11-04', '946297263'),
('02606474687', 'Otávio Fernandes', 'otavio.fernandes48@exemplo.com', 'Feminino', '2004-05-19', '946042404'),
('02620672400', 'Cauã Araújo', 'caua.araujo74@exemplo.com', 'Feminino', '1994-09-14', '986286724'),
('02787429671', 'Arthur Moreira', 'arthur.moreira230@exemplo.com', 'Outro', '2001-08-09', '925808361'),
('02838578652', 'César Rodrigues', 'cesar.rodrigues248@exemplo.com', 'Feminino', '1996-03-10', '912566878'),
('03432445107', 'Lucas Souza', 'lucas.souza93@exemplo.com', 'Masculino', '1981-12-09', '916171536'),
('03450541566', 'Ana Silva', 'ana.silva147@exemplo.com', 'Feminino', '1972-09-15', '924887509'),
('03482477109', 'Igor Pereira', 'igor.pereira21@exemplo.com', 'Não Informado', '1997-07-09', '990050918'),
('03791769367', 'Henrique Oliveira', 'henrique.oliveira44@exemplo.com', 'Masculino', '1996-02-21', '979204468'),
('03875099770', 'Pedro Rodrigues', 'pedro.rodrigues125@exemplo.com', 'Não Informado', '1971-07-22', '922345163'),
('03910651801', 'Beatriz Cardoso', 'beatriz.cardoso54@exemplo.com', 'Outro', '1967-05-24', '959908025'),
('03926142939', 'Priscila Lima', 'priscila.lima229@exemplo.com', 'Não Informado', '1989-09-21', '959886371'),
('05153195205', 'Marcos Souza', 'marcos.souza34@exemplo.com', 'Não Informado', '1983-07-30', '956785209'),
('05982620450', 'Laura Ribeiro', 'laura.ribeiro72@exemplo.com', 'Masculino', '1981-08-17', '977052833'),
('06071596966', 'Murilo Santos', 'murilo.santos192@exemplo.com', 'Outro', '1990-11-06', '965148727'),
('06797403447', 'André Pereira', 'andre.pereira222@exemplo.com', 'Masculino', '2004-08-14', '949675382'),
('06853615305', 'Matheus Lima', 'matheus.lima199@exemplo.com', 'Não Informado', '1988-10-14', '946160937'),
('07337543303', 'Rafael Martins', 'rafael.martins51@exemplo.com', 'Masculino', '1971-02-23', '931204188'),
('07562636897', 'Fábio Pereira', 'fabio.pereira65@exemplo.com', 'Não Informado', '1999-09-09', '939158087'),
('08010062312', 'Fernanda Costa', 'fernanda.costa186@exemplo.com', 'Feminino', '1977-04-16', '926936398'),
('08013267736', 'Rafael Oliveira', 'rafael.oliveira181@exemplo.com', 'Outro', '1997-02-20', '989151743'),
('08760385977', 'Felipe Souza', 'felipe.souza29@exemplo.com', 'Outro', '1980-03-03', '982156607'),
('08860084840', 'Leonardo Cardoso', 'leonardo.cardoso75@exemplo.com', 'Feminino', '2002-04-04', '919796799'),
('08926870568', 'Laura Nascimento', 'laura.nascimento177@exemplo.com', 'Masculino', '1994-10-07', '934814337'),
('09320489964', 'Marcelo Gomes', 'marcelo.gomes16@exemplo.com', 'Outro', '1994-11-12', '992048427'),
('10470952145', 'Isabela Martins', 'isabela.martins117@exemplo.com', 'Outro', '1970-10-04', '922136086'),
('10883982258', 'Rafael Martins', 'rafael.martins6@exemplo.com', 'Não Informado', '1988-08-11', '919015987'),
('10943969078', 'Ana Almeida', 'ana.almeida123@exemplo.com', 'Feminino', '1977-10-10', '963765180'),
('10947775204', 'Bianca Ribeiro', 'bianca.ribeiro13@exemplo.com', 'Masculino', '1979-04-09', '937619925'),
('11047541212', 'Carolina Martins', 'carolina.martins2@exemplo.com', 'Feminino', '1990-12-12', '913296743'),
('11824493534', 'Lucas Pereira', 'lucas.pereira85@exemplo.com', 'Masculino', '1974-09-12', '976627415'),
('12748467737', 'Sofia Ribeiro', 'sofia.ribeiro178@exemplo.com', 'Outro', '1976-09-26', '969830944'),
('13341232812', 'Camila Rocha', 'camila.rocha116@exemplo.com', 'Outro', '1978-08-17', '970655283'),
('13493618324', 'Matheus Santos', 'matheus.santos244@exemplo.com', 'Não Informado', '2005-02-26', '989010042'),
('13619399091', 'Nicolas Santos', 'nicolas.santos40@exemplo.com', 'Feminino', '1996-12-04', '917957216'),
('13696816453', 'Isabela Oliveira', 'isabela.oliveira184@exemplo.com', 'Não Informado', '1963-02-11', '977390918'),
('13900532931', 'Emanuel Ribeiro', 'emanuel.ribeiro67@exemplo.com', 'Outro', '1998-07-10', '952211967'),
('14294019655', 'Fábio Almeida', 'fabio.almeida243@exemplo.com', 'Feminino', '1990-11-22', '951888314'),
('14384249818', 'Felipe Pereira', 'felipe.pereira24@exemplo.com', 'Feminino', '1988-03-22', '970532325'),
('14919058651', 'Elias Barbosa', 'elias.barbosa148@exemplo.com', 'Outro', '1966-07-04', '960142505'),
('14978403690', 'Leonardo Rocha', 'leonardo.rocha183@exemplo.com', 'Não Informado', '1981-02-20', '973922841'),
('15280988516', 'Bianca Martins', 'bianca.martins10@exemplo.com', 'Feminino', '1996-05-03', '994524999'),
('15921249985', 'Arthur Ribeiro', 'arthur.ribeiro193@exemplo.com', 'Não Informado', '2002-06-09', '915028557'),
('16048175496', 'Juliana Moreira', 'juliana.moreira36@exemplo.com', 'Outro', '1998-05-31', '932277675'),
('16873395004', 'Letícia Gomes', 'leticia.gomes172@exemplo.com', 'Feminino', '1964-11-21', '958429638'),
('16878499121', 'Lucas Fernandes', 'lucas.fernandes173@exemplo.com', 'Masculino', '1986-06-04', '998854850'),
('16928451154', 'Gustavo Rocha', 'gustavo.rocha182@exemplo.com', 'Masculino', '1994-09-23', '980139805'),
('17426841459', 'Tânia Oliveira', 'tania.oliveira228@exemplo.com', 'Feminino', '1991-11-15', '939974566'),
('17964053773', 'Henrique Nascimento', 'henrique.nascimento237@exemplo.com', 'Feminino', '1975-02-15', '987346846'),
('18242253584', 'Isabela Oliveira', 'isabela.oliveira80@exemplo.com', 'Feminino', '1973-12-09', '981993070'),
('18366752545', 'Arthur Santos', 'arthur.santos160@exemplo.com', 'Masculino', '1964-04-26', '961799600'),
('19049663193', 'Felipe Barbosa', 'felipe.barbosa78@exemplo.com', 'Não Informado', '1997-12-31', '963992760'),
('19693792374', 'Elias Martins', 'elias.martins18@exemplo.com', 'Feminino', '1986-09-07', '992474715'),
('19956046618', 'Juliana Fernandes', 'juliana.fernandes201@exemplo.com', 'Não Informado', '1993-07-18', '917543817'),
('20715182037', 'Rafaela Lima', 'rafaela.lima62@exemplo.com', 'Feminino', '1994-05-03', '927870584'),
('21024994717', 'Bianca Costa', 'bianca.costa168@exemplo.com', 'Não Informado', '1974-02-03', '917188130'),
('21264647154', 'Daniel Santos', 'daniel.santos176@exemplo.com', 'Outro', '1995-08-29', '973209094'),
('21765918033', 'André Lima', 'andre.lima49@exemplo.com', 'Outro', '1971-09-19', '985986307'),
('22292706537', 'Rodrigo Souza', 'rodrigo.souza84@exemplo.com', 'Outro', '1975-10-04', '926031369'),
('23430980500', 'Pedro Souza', 'pedro.souza164@exemplo.com', 'Outro', '1961-10-19', '952777459'),
('23536937854', 'Diego Souza', 'diego.souza210@exemplo.com', 'Feminino', '1979-03-24', '939709238'),
('24751079911', 'Felipe Gomes', 'felipe.gomes131@exemplo.com', 'Não Informado', '2002-12-22', '918184472'),
('25192546291', 'Aline Barbosa', 'aline.barbosa250@exemplo.com', 'Feminino', '1971-01-18', '959203071'),
('25881537147', 'Elias Araújo', 'elias.araujo112@exemplo.com', 'Não Informado', '1989-04-08', '952688984'),
('25952694958', 'Rafaela Rodrigues', 'rafaela.rodrigues204@exemplo.com', 'Masculino', '1982-05-20', '914438720'),
('26025634216', 'Vitor Moreira', 'vitor.moreira138@exemplo.com', 'Feminino', '1974-04-27', '923439803'),
('26916697848', 'Patrícia Fernandes', 'patricia.fernandes96@exemplo.com', 'Outro', '1984-05-02', '920453825'),
('27557192856', 'Carolina Pereira', 'carolina.pereira203@exemplo.com', 'Masculino', '1975-08-03', '935872271'),
('28327648350', 'Murilo Cardoso', 'murilo.cardoso97@exemplo.com', 'Masculino', '2005-01-14', '917069536'),
('28421020539', 'Aline Costa', 'aline.costa153@exemplo.com', 'Não Informado', '1987-07-11', '949529438'),
('28498776945', 'Fábio Mendes', 'fabio.mendes73@exemplo.com', 'Masculino', '1961-01-30', '958465780'),
('28809570154', 'Patrícia Santos', 'patricia.santos171@exemplo.com', 'Masculino', '1995-04-01', '986741644'),
('28951718702', 'Leonardo Moreira', 'leonardo.moreira234@exemplo.com', 'Não Informado', '1972-11-06', '952464268'),
('29806990162', 'Hugo Cardoso', 'hugo.cardoso32@exemplo.com', 'Masculino', '1999-08-06', '983330295'),
('29922995900', 'Daniel Cardoso', 'daniel.cardoso94@exemplo.com', 'Não Informado', '1973-06-18', '934019729'),
('29946804436', 'Paula Pereira', 'paula.pereira37@exemplo.com', 'Feminino', '1978-07-26', '917966873'),
('30047868633', 'Olivia Gomes', 'olivia.gomes163@exemplo.com', 'Feminino', '1974-08-04', '970570772'),
('30305486874', 'Tânia Costa', 'tania.costa64@exemplo.com', 'Não Informado', '1991-07-04', '938595818'),
('30391171822', 'Ricardo Rodrigues', 'ricardo.rodrigues241@exemplo.com', 'Outro', '1961-04-06', '953246714'),
('30564139537', 'André Ribeiro', 'andre.ribeiro81@exemplo.com', 'Masculino', '1987-10-29', '968718382'),
('31190790306', 'Brenda Cardoso', 'brenda.cardoso86@exemplo.com', 'Outro', '1974-12-24', '959911470'),
('31243292127', 'Fernanda Silva', 'fernanda.silva136@exemplo.com', 'Outro', '1979-08-25', '913933043'),
('31473799650', 'Lucas Rodrigues', 'lucas.rodrigues57@exemplo.com', 'Não Informado', '1966-12-28', '927810664'),
('31599965047', 'Daniel Oliveira', 'daniel.oliveira60@exemplo.com', 'Feminino', '1994-05-14', '921989814'),
('32104696325', 'Matheus Rodrigues', 'matheus.rodrigues26@exemplo.com', 'Não Informado', '2005-05-06', '997653539'),
('32480861317', 'Murilo Santos', 'murilo.santos156@exemplo.com', 'Não Informado', '1972-08-13', '954448673'),
('33272795687', 'Renata Rodrigues', 'renata.rodrigues5@exemplo.com', 'Não Informado', '1991-04-01', '973909453'),
('34266179796', 'Murilo Cardoso', 'murilo.cardoso38@exemplo.com', 'Outro', '1975-02-08', '953440052'),
('34351751830', 'Isabela Costa', 'isabela.costa245@exemplo.com', 'Masculino', '1964-02-07', '950024028'),
('35403317393', 'Tânia Almeida', 'tania.almeida211@exemplo.com', 'Feminino', '1984-02-21', '997454571'),
('36736576615', 'Nicolas Ribeiro', 'nicolas.ribeiro215@exemplo.com', 'Outro', '2001-03-06', '943822694'),
('37993712406', 'Rodrigo Ribeiro', 'rodrigo.ribeiro195@exemplo.com', 'Masculino', '1995-07-05', '954492381'),
('38267586926', 'Bruno Barbosa', 'bruno.barbosa133@exemplo.com', 'Feminino', '1961-10-01', '961338023'),
('39826224447', 'Aline Moreira', 'aline.moreira224@exemplo.com', 'Feminino', '1990-10-14', '939845082'),
('40758181412', 'César Costa', 'cesar.costa238@exemplo.com', 'Não Informado', '1967-11-24', '927368573'),
('40824008427', 'Marcos Costa', 'marcos.costa235@exemplo.com', 'Masculino', '2003-09-29', '954644768'),
('41016668700', 'Brenda Lima', 'brenda.lima246@exemplo.com', 'Não Informado', '1990-04-23', '968205561'),
('41318699938', 'Mariana Ribeiro', 'mariana.ribeiro121@exemplo.com', 'Não Informado', '1982-06-01', '922713811'),
('41574733848', 'Rafaela Pereira', 'rafaela.pereira247@exemplo.com', 'Outro', '2003-12-23', '958217837'),
('41605297516', 'Juliana Souza', 'juliana.souza77@exemplo.com', 'Masculino', '1995-09-14', '977996124'),
('41888059296', 'Mônica Moreira', 'mônica.moreira89@exemplo.com', 'Masculino', '2004-07-05', '971095611'),
('42199330833', 'Arthur Santos', 'arthur.santos165@exemplo.com', 'Masculino', '1990-08-31', '932831133'),
('42708668826', 'Lucas Ribeiro', 'lucas.ribeiro105@exemplo.com', 'Outro', '1969-04-29', '937540722'),
('42786801128', 'Emanuel Almeida', 'emanuel.almeida82@exemplo.com', 'Masculino', '1981-12-07', '921571285'),
('43114262655', 'Wesley Cardoso', 'wesley.cardoso134@exemplo.com', 'Não Informado', '2003-06-25', '956175477'),
('43135182337', 'Bruno Pereira', 'bruno.pereira146@exemplo.com', 'Outro', '1975-12-03', '953431355'),
('43410369711', 'Mônica Ribeiro', 'mônica.ribeiro149@exemplo.com', 'Masculino', '1990-03-12', '950502233'),
('44198665240', 'Marcelo Pereira', 'marcelo.pereira111@exemplo.com', 'Feminino', '1986-03-02', '945029610'),
('44736471027', 'Paula Souza', 'paula.souza25@exemplo.com', 'Outro', '1960-11-10', '975043108'),
('44739473121', 'Fernanda Nascimento', 'fernanda.nascimento194@exemplo.com', 'Não Informado', '1972-11-26', '992979370'),
('45461567933', 'Felipe Costa', 'felipe.costa30@exemplo.com', 'Não Informado', '2004-06-08', '983782999'),
('45502296120', 'Samuel Souza', 'samuel.souza120@exemplo.com', 'Outro', '1983-05-05', '933336132'),
('46417080531', 'Samuel Costa', 'samuel.costa202@exemplo.com', 'Masculino', '1987-11-29', '978020910'),
('46474367136', 'Ricardo Lima', 'ricardo.lima143@exemplo.com', 'Feminino', '2003-12-31', '915095407'),
('46488771906', 'Gabriel Nascimento', 'gabriel.nascimento179@exemplo.com', 'Não Informado', '2001-09-21', '945353058'),
('46990139837', 'Leonardo Barbosa', 'leonardo.barbosa212@exemplo.com', 'Masculino', '1960-10-18', '973632249'),
('47007661771', 'André Pereira', 'andre.pereira150@exemplo.com', 'Feminino', '1999-03-12', '995800828'),
('47826137506', 'Emanuel Santos', 'emanuel.santos61@exemplo.com', 'Masculino', '1988-02-10', '959333294'),
('47962757059', 'Patrícia Cardoso', 'patricia.cardoso207@exemplo.com', 'Não Informado', '2000-01-08', '933834879'),
('48281489325', 'Marina Araújo', 'marina.araujo219@exemplo.com', 'Outro', '1983-06-06', '998062882'),
('48652816850', 'Beatriz Ribeiro', 'beatriz.ribeiro189@exemplo.com', 'Não Informado', '1989-04-04', '947071046'),
('48951343320', 'Isabela Nascimento', 'isabela.nascimento198@exemplo.com', 'Não Informado', '1968-10-23', '940595926'),
('49894134352', 'César Almeida', 'cesar.almeida221@exemplo.com', 'Masculino', '1996-04-02', '998654879'),
('49915478872', 'Nicolas Nascimento', 'nicolas.nascimento137@exemplo.com', 'Masculino', '2002-04-26', '981059199'),
('50240268117', 'Tânia Pereira', 'tania.pereira63@exemplo.com', 'Masculino', '1960-10-04', '991915661'),
('51370985931', 'Fernanda Almeida', 'fernanda.almeida98@exemplo.com', 'Masculino', '1995-12-20', '919251149'),
('51585064317', 'Rafaela Martins', 'rafaela.martins99@exemplo.com', 'Outro', '1987-11-15', '953929586'),
('51834738299', 'Fábio Costa', 'fabio.costa236@exemplo.com', 'Outro', '1965-03-15', '910632635'),
('52181883552', 'Sofia Martins', 'sofia.martins206@exemplo.com', 'Não Informado', '1971-02-11', '914102122'),
('52909656101', 'Samuel Cardoso', 'samuel.cardoso90@exemplo.com', 'Masculino', '2004-10-27', '986086168'),
('53315869232', 'Mônica Lima', 'mônica.lima39@exemplo.com', 'Outro', '1983-12-26', '979043610'),
('54235733221', 'Beatriz Almeida', 'beatriz.almeida69@exemplo.com', 'Outro', '1962-05-28', '998369672'),
('54310278681', 'Mariana Ribeiro', 'mariana.ribeiro128@exemplo.com', 'Não Informado', '1975-07-03', '957505459'),
('54932966851', 'Gabriel Fernandes', 'gabriel.fernandes187@exemplo.com', 'Masculino', '1999-01-22', '937101146'),
('55623869222', 'Fernanda Costa', 'fernanda.costa11@exemplo.com', 'Não Informado', '1995-06-28', '913918120'),
('56049451983', 'Mariana Cardoso', 'mariana.cardoso142@exemplo.com', 'Feminino', '1976-11-20', '976065552'),
('56465193982', 'Mariana Moreira', 'mariana.moreira76@exemplo.com', 'Masculino', '1961-03-27', '945189912'),
('56624628733', 'Matheus Moreira', 'matheus.moreira114@exemplo.com', 'Masculino', '1973-12-10', '924181143'),
('58760366909', 'Hugo Pereira', 'hugo.pereira188@exemplo.com', 'Outro', '1988-09-07', '918994192'),
('58771753556', 'Ana Pereira', 'ana.pereira233@exemplo.com', 'Feminino', '1977-12-20', '955992373'),
('58957829114', 'Daniel Souza', 'daniel.souza231@exemplo.com', 'Masculino', '2002-05-13', '936111227'),
('59401399049', 'Igor Pereira', 'igor.pereira53@exemplo.com', 'Outro', '1974-04-06', '946778269'),
('59407816184', 'Priscila Mendes', 'priscila.mendes12@exemplo.com', 'Feminino', '2000-05-01', '989484162'),
('61172400504', 'Arthur Fernandes', 'arthur.fernandes223@exemplo.com', 'Não Informado', '1994-10-31', '914740436'),
('61227530463', 'César Almeida', 'cesar.almeida103@exemplo.com', 'Feminino', '1960-07-27', '965034115'),
('61825128682', 'Laura Fernandes', 'laura.fernandes27@exemplo.com', 'Não Informado', '1997-04-15', '969572772'),
('62174596158', 'Nicolas Araújo', 'nicolas.araujo126@exemplo.com', 'Masculino', '1963-10-31', '971873691'),
('62268388516', 'Tânia Santos', 'tania.santos8@exemplo.com', 'Feminino', '1981-11-18', '979255529'),
('62328588424', 'Priscila Oliveira', 'priscila.oliveira157@exemplo.com', 'Feminino', '1991-02-11', '952885071'),
('63201632870', 'Priscila Nascimento', 'priscila.nascimento45@exemplo.com', 'Outro', '2000-10-16', '975504221'),
('63605766270', 'Thiago Lima', 'thiago.lima118@exemplo.com', 'Masculino', '1979-04-16', '953995720'),
('63854678544', 'Arthur Almeida', 'arthur.almeida1@exemplo.com', 'Feminino', '1999-12-29', '960213478'),
('64016582029', 'Murilo Barbosa', 'murilo.barbosa185@exemplo.com', 'Feminino', '1970-10-16', '970269093'),
('64752553419', 'Daniel Santos', 'daniel.santos3@exemplo.com', 'Outro', '1997-04-26', '921523236'),
('65414586850', 'Rafael Silva', 'rafael.silva217@exemplo.com', 'Outro', '1985-05-11', '950060760'),
('65452711116', 'Otávio Gomes', 'otavio.gomes208@exemplo.com', 'Outro', '1990-11-19', '931946425'),
('65585239868', 'Daniel Pereira', 'daniel.pereira227@exemplo.com', 'Outro', '1976-06-03', '955047826'),
('65780913431', 'Otávio Gomes', 'otavio.gomes151@exemplo.com', 'Outro', '1975-08-18', '985427317'),
('65787133150', 'Priscila Ribeiro', 'priscila.ribeiro71@exemplo.com', 'Outro', '1964-11-23', '942123815'),
('67054668893', 'Fábio Ribeiro', 'fabio.ribeiro110@exemplo.com', 'Masculino', '1965-08-02', '968382413'),
('67242388496', 'Larissa Nascimento', 'larissa.nascimento107@exemplo.com', 'Masculino', '1963-12-09', '941067722'),
('67735925556', 'André Rodrigues', 'andre.rodrigues15@exemplo.com', 'Não Informado', '1970-03-23', '945212476'),
('67749649909', 'Henrique Martins', 'henrique.martins52@exemplo.com', 'Masculino', '1998-05-19', '937154689'),
('67866912517', 'Nicolas Moreira', 'nicolas.moreira92@exemplo.com', 'Masculino', '1980-06-28', '978293320'),
('67888610158', 'Juliana Costa', 'juliana.costa129@exemplo.com', 'Outro', '1985-02-08', '969862640'),
('67976438156', 'Patrícia Moreira', 'patricia.moreira141@exemplo.com', 'Outro', '1992-03-09', '989398174'),
('68071545168', 'Murilo Ribeiro', 'murilo.ribeiro140@exemplo.com', 'Outro', '1975-08-02', '933635791'),
('68562185016', 'Carolina Moreira', 'carolina.moreira17@exemplo.com', 'Masculino', '1991-03-19', '957242616'),
('68998094024', 'Priscila Oliveira', 'priscila.oliveira109@exemplo.com', 'Masculino', '2005-05-05', '927919925'),
('69847896118', 'Matheus Moreira', 'matheus.moreira22@exemplo.com', 'Não Informado', '1997-12-14', '934931439'),
('69985435346', 'Igor Araújo', 'igor.araujo59@exemplo.com', 'Masculino', '1997-11-20', '927740248'),
('70054119986', 'Olivia Nascimento', 'olivia.nascimento209@exemplo.com', 'Masculino', '1985-07-29', '913684342'),
('70106513338', 'Igor Rocha', 'igor.rocha170@exemplo.com', 'Outro', '1985-04-03', '949916439'),
('70213556909', 'Jéssica Rocha', 'jessica.rocha225@exemplo.com', 'Não Informado', '1992-02-29', '978090647'),
('70462265676', 'Beatriz Rocha', 'beatriz.rocha100@exemplo.com', 'Não Informado', '1960-09-18', '959515518'),
('71167190229', 'Bruna Almeida', 'bruna.almeida106@exemplo.com', 'Não Informado', '2004-02-21', '918038980'),
('71397187072', 'Jéssica Santos', 'jessica.santos218@exemplo.com', 'Não Informado', '1965-09-22', '955135227'),
('72624731781', 'Patrícia Lima', 'patricia.lima20@exemplo.com', 'Masculino', '1976-06-03', '960104292'),
('72715518844', 'Beatriz Souza', 'beatriz.souza144@exemplo.com', 'Feminino', '1979-08-18', '912674689'),
('72896230913', 'Brenda Oliveira', 'brenda.oliveira167@exemplo.com', 'Outro', '2003-04-23', '914159837'),
('73467065627', 'Mônica Araújo', 'mônica.araujo42@exemplo.com', 'Feminino', '1995-03-26', '975694038'),
('73586629619', 'Fábio Cardoso', 'fabio.cardoso47@exemplo.com', 'Masculino', '1995-09-06', '939236638'),
('73763116566', 'Bruna Gomes', 'bruna.gomes145@exemplo.com', 'Masculino', '1989-10-05', '992427773'),
('73830284395', 'Sofia Oliveira', 'sofia.oliveira124@exemplo.com', 'Outro', '1966-09-23', '912925970'),
('74074821759', 'Isabela Souza', 'isabela.souza7@exemplo.com', 'Masculino', '1962-01-10', '956047142'),
('74517123685', 'Camila Pereira', 'camila.pereira4@exemplo.com', 'Outro', '1987-12-25', '956045630'),
('74549904530', 'Gabriel Costa', 'gabriel.costa155@exemplo.com', 'Outro', '1979-10-26', '995851936'),
('74612004711', 'Leonardo Pereira', 'leonardo.pereira191@exemplo.com', 'Feminino', '1968-12-27', '924178065'),
('75243106903', 'Laura Costa', 'laura.costa28@exemplo.com', 'Masculino', '1962-10-08', '939598969'),
('75273545494', 'Adriana Fernandes', 'adriana.fernandes88@exemplo.com', 'Outro', '1965-09-23', '945292504'),
('75588675339', 'Igor Mendes', 'igor.mendes152@exemplo.com', 'Outro', '1980-01-11', '999326148'),
('75891783908', 'Larissa Moreira', 'larissa.moreira43@exemplo.com', 'Outro', '1997-02-28', '960354777'),
('76527758416', 'Rafaela Ribeiro', 'rafaela.ribeiro166@exemplo.com', 'Feminino', '1966-09-23', '983423305'),
('77014363495', 'Wesley Pereira', 'wesley.pereira68@exemplo.com', 'Feminino', '1984-11-05', '996519508'),
('77345401938', 'Thiago Cardoso', 'thiago.cardoso91@exemplo.com', 'Feminino', '1982-11-20', '923811663'),
('77449058147', 'Mariana Rodrigues', 'mariana.rodrigues175@exemplo.com', 'Feminino', '1986-03-07', '920997276'),
('77468862392', 'Arthur Mendes', 'arthur.mendes214@exemplo.com', 'Outro', '1984-09-14', '966882385'),
('77725228728', 'Thiago Martins', 'thiago.martins115@exemplo.com', 'Não Informado', '1988-03-04', '964561191'),
('78248963834', 'Beatriz Rocha', 'beatriz.rocha79@exemplo.com', 'Feminino', '1984-11-22', '921220209'),
('78498084124', 'Otávio Gomes', 'otavio.gomes240@exemplo.com', 'Não Informado', '1960-06-01', '915063406'),
('78585497334', 'Henrique Fernandes', 'henrique.fernandes161@exemplo.com', 'Feminino', '1997-02-21', '976180344'),
('78856855744', 'Bruna Martins', 'bruna.martins190@exemplo.com', 'Masculino', '1997-08-23', '925102023'),
('78892554665', 'Juliana Martins', 'juliana.martins216@exemplo.com', 'Outro', '1995-08-18', '988448538'),
('79748016245', 'Samuel Santos', 'samuel.santos31@exemplo.com', 'Masculino', '1984-01-13', '982894477'),
('79807935978', 'Elias Gomes', 'elias.gomes50@exemplo.com', 'Outro', '1964-05-05', '916166355'),
('79808932460', 'César Barbosa', 'cesar.barbosa242@exemplo.com', 'Feminino', '1961-08-10', '910553491'),
('79979955271', 'Mariana Almeida', 'mariana.almeida104@exemplo.com', 'Outro', '1960-11-10', '954965270'),
('80737416724', 'Gustavo Almeida', 'gustavo.almeida249@exemplo.com', 'Feminino', '1978-12-12', '912941149'),
('80831367837', 'Isabela Costa', 'isabela.costa226@exemplo.com', 'Feminino', '1986-05-10', '923100061'),
('81223623166', 'Marina Pereira', 'marina.pereira41@exemplo.com', 'Feminino', '1982-05-26', '929628462'),
('82639821465', 'Renata Souza', 'renata.souza205@exemplo.com', 'Outro', '1977-11-11', '946772637'),
('83172788957', 'Ana Costa', 'ana.costa127@exemplo.com', 'Não Informado', '1995-06-09', '976588957'),
('83391878519', 'Aline Oliveira', 'aline.oliveira19@exemplo.com', 'Feminino', '1988-02-05', '925819123'),
('83842513542', 'Nicolas Barbosa', 'nicolas.barbosa108@exemplo.com', 'Não Informado', '1993-06-01', '971533194'),
('83933529042', 'Larissa Oliveira', 'larissa.oliveira119@exemplo.com', 'Feminino', '1991-11-30', '963183031'),
('84044997278', 'Rafaela Lima', 'rafaela.lima70@exemplo.com', 'Feminino', '2005-09-17', '935319707'),
('84344375758', 'Fábio Mendes', 'fabio.mendes174@exemplo.com', 'Não Informado', '1977-11-29', '923017361'),
('85067165726', 'Henrique Nascimento', 'henrique.nascimento113@exemplo.com', 'Feminino', '1966-09-13', '937207628'),
('85277221704', 'Gabriela Pereira', 'gabriela.pereira213@exemplo.com', 'Feminino', '1960-10-04', '940033905'),
('86211823398', 'Paula Fernandes', 'paula.fernandes239@exemplo.com', 'Não Informado', '1996-03-10', '967582820'),
('86790874064', 'André Moreira', 'andre.moreira46@exemplo.com', 'Masculino', '1968-05-10', '971532017'),
('87347143455', 'Rafael Araújo', 'rafael.araujo169@exemplo.com', 'Feminino', '1977-01-16', '964932613'),
('87401640052', 'Laura Rocha', 'laura.rocha23@exemplo.com', 'Feminino', '1974-12-20', '975718640'),
('87431527420', 'Matheus Costa', 'matheus.costa154@exemplo.com', 'Masculino', '1995-02-17', '986166246'),
('88356159514', 'Nicolas Cardoso', 'nicolas.cardoso197@exemplo.com', 'Masculino', '1990-04-24', '950675347'),
('88680589113', 'Marcelo Costa', 'marcelo.costa55@exemplo.com', 'Masculino', '1995-07-23', '993967184'),
('88794705516', 'Gustavo Nascimento', 'gustavo.nascimento180@exemplo.com', 'Masculino', '1973-07-23', '999586100'),
('88880670654', 'Arthur Rodrigues', 'arthur.rodrigues159@exemplo.com', 'Feminino', '1966-01-30', '957040785'),
('90515186449', 'Isabela Almeida', 'isabela.almeida56@exemplo.com', 'Não Informado', '1968-03-07', '922775337'),
('93745299124', 'Marina Oliveira', 'marina.oliveira14@exemplo.com', 'Masculino', '1976-10-09', '959095909'),
('93752654793', 'Aline Almeida', 'aline.almeida58@exemplo.com', 'Não Informado', '1960-10-31', '911082139'),
('94097499309', 'Samuel Santos', 'samuel.santos232@exemplo.com', 'Não Informado', '1986-10-07', '965446317'),
('94738347359', 'Igor Almeida', 'igor.almeida196@exemplo.com', 'Masculino', '2002-08-19', '946048781'),
('95327877470', 'Patrícia Almeida', 'patricia.almeida139@exemplo.com', 'Outro', '1965-01-06', '939448924'),
('95396218518', 'Emanuel Fernandes', 'emanuel.fernandes200@exemplo.com', 'Masculino', '1976-11-10', '969286198'),
('95931034131', 'Rafaela Ribeiro', 'rafaela.ribeiro162@exemplo.com', 'Outro', '1993-09-03', '923613510'),
('95944064090', 'Beatriz Nascimento', 'beatriz.nascimento132@exemplo.com', 'Não Informado', '1972-04-23', '966268745'),
('96532871012', 'Renata Santos', 'renata.santos122@exemplo.com', 'Feminino', '1970-11-23', '911604831'),
('97401489025', 'Juliana Fernandes', 'juliana.fernandes33@exemplo.com', 'Masculino', '1982-03-17', '949957816'),
('97439533942', 'Cauã Fernandes', 'caua.fernandes83@exemplo.com', 'Masculino', '2000-09-03', '992181084'),
('97882081219', 'Rafaela Pereira', 'rafaela.pereira130@exemplo.com', 'Masculino', '1982-01-18', '996876236'),
('98393010310', 'Matheus Nascimento', 'matheus.nascimento87@exemplo.com', 'Masculino', '1962-08-19', '954964418'),
('98687277434', 'Beatriz Santos', 'beatriz.santos66@exemplo.com', 'Feminino', '1971-01-18', '989131271'),
('99102290147', 'Marcos Oliveira', 'marcos.oliveira35@exemplo.com', 'Não Informado', '1970-07-13', '941802361'),
('99534283644', 'Bruno Lima', 'bruno.lima101@exemplo.com', 'Outro', '1981-10-05', '972267186'),
('99577738721', 'Mônica Lima', 'mônica.lima220@exemplo.com', 'Feminino', '1973-06-13', '979429969');

-- --------------------------------------------------------

--
-- Estrutura para tabela "professor"
--

CREATE TABLE "professor" (
  "matricula" varchar(20) NOT NULL,
  "titulacao" titulacao_enum NOT NULL, -- Alterado para o tipo ENUM criado
  "data_admissao" date DEFAULT NULL,
  "cpf" char(11) NOT NULL
);

--
-- Despejando dados para a tabela "professor"
--

INSERT INTO "professor" ("matricula", "titulacao", "data_admissao", "cpf") VALUES
('P0001', 'Graduado', '2016-10-30', '63854678544'),
('P0002', 'Mestre', '2023-12-27', '11047541212'),
('P0003', 'Pós-Doutor', '2002-03-07', '64752553419'),
('P0004', 'Pós-Doutor', '2002-02-24', '74517123685'),
('P0005', 'Graduado', '2000-11-19', '33272795687'),
('P0006', 'Graduado', '2005-03-12', '10883982258'),
('P0007', 'Doutor', '2019-12-06', '74074821759'),
('P0008', 'Doutor', '2005-07-17', '62268388516'),
('P0009', 'Pós-Doutor', '2011-05-03', '01043289861'),
('P0010', 'Doutor', '2006-11-13', '15280988516'),
('P0011', 'Especialista', '2000-06-01', '55623869222'),
('P0012', 'Mestre', '2018-11-17', '59407816184'),
('P0013', 'Graduado', '2023-05-04', '10947775204'),
('P0014', 'Mestre', '2006-02-25', '93745299124'),
('P0015', 'Doutor', '2004-09-14', '67735925556'),
('P0016', 'Pós-Doutor', '2005-04-12', '09320489964'),
('P0017', 'Mestre', '2005-02-10', '68562185016'),
('P0018', 'Graduado', '2022-04-29', '19693792374'),
('P0019', 'Especialista', '2008-12-16', '83391878519'),
('P0020', 'Mestre', '2023-06-20', '72624731781'),
('P0021', 'Especialista', '2016-01-21', '03482477109'),
('P0022', 'Doutor', '2013-04-01', '69847896118'),
('P0023', 'Especialista', '2001-10-07', '87401640052'),
('P0024', 'Pós-Doutor', '2022-04-07', '14384249818'),
('P0025', 'Especialista', '2021-07-24', '44736471027'),
('P0026', 'Mestre', '2010-07-09', '32104696325'),
('P0027', 'Graduado', '2000-07-27', '61825128682'),
('P0028', 'Graduado', '2004-12-14', '75243106903'),
('P0029', 'Pós-Doutor', '2022-03-01', '08760385977'),
('P0030', 'Especialista', '2004-01-15', '45461567933'),
('P0031', 'Pós-Doutor', '2003-05-14', '79748016245'),
('P0032', 'Graduado', '2011-06-24', '29806990162'),
('P0033', 'Especialista', '2020-06-27', '97401489025'),
('P0034', 'Mestre', '2011-11-06', '05153195205'),
('P0035', 'Doutor', '2002-03-31', '99102290147'),
('P0036', 'Graduado', '2007-11-02', '16048175496'),
('P0037', 'Graduado', '2013-01-12', '29946804436'),
('P0038', 'Mestre', '2014-01-10', '34266179796'),
('P0039', 'Doutor', '2005-03-13', '53315869232'),
('P0040', 'Graduado', '2002-01-21', '13619399091'),
('P0041', 'Graduado', '2006-03-17', '81223623166'),
('P0042', 'Especialista', '2014-09-28', '73467065627'),
('P0043', 'Mestre', '2019-08-20', '75891783908'),
('P0044', 'Pós-Doutor', '2012-01-13', '03791769367'),
('P0045', 'Graduado', '2016-09-18', '63201632870'),
('P0046', 'Mestre', '2008-03-15', '86790874064'),
('P0047', 'Graduado', '2017-12-23', '73586629619'),
('P0048', 'Doutor', '2020-06-23', '02606474687'),
('P0049', 'Mestre', '2017-04-20', '21765918033'),
('P0050', 'Doutor', '2018-12-01', '79807935978');

-- --------------------------------------------------------

--
-- Estrutura para tabela "salas"
--

CREATE TABLE "salas" (
  "codigo" varchar(20) NOT NULL,
  "tipo" tipo_sala_enum NOT NULL, -- Alterado para o tipo ENUM criado
  "capacidade" integer DEFAULT NULL -- Alterado de int(11)
);

--
-- Despejando dados para a tabela "salas"
--

INSERT INTO "salas" ("codigo", "tipo", "capacidade") VALUES
('S01', 'Sala de Aula', 80),
('S02', 'Laboratório', 40),
('S03', 'Laboratório', 80),
('S04', 'Laboratório', 30),
('S05', 'Sala de Aula', 60),
('S06', 'Laboratório', 50),
('S07', 'Sala de Aula', 40),
('S08', 'Laboratório', 30),
('S09', 'Sala de Aula', 60),
('S10', 'Sala de Aula', 50);

-- --------------------------------------------------------
-- Índices para tabelas despejadas
-- --------------------------------------------------------

--
-- Índices de tabela "afinidade_professor"
--
ALTER TABLE "afinidade_professor"
  ADD PRIMARY KEY ("id"),
  ADD CONSTRAINT "afinidade_professor_matricula_cod_disciplina_key" UNIQUE ("matricula_professor", "cod_disciplina"); -- Alterado de UNIQUE KEY
CREATE INDEX "idx_afinidade_professor_cod_disciplina" ON "afinidade_professor" ("cod_disciplina"); -- Alterado de ADD KEY

--
-- Índices de tabela "aluno"
--
ALTER TABLE "aluno"
  ADD PRIMARY KEY ("matricula"),
  ADD CONSTRAINT "aluno_cpf_key" UNIQUE ("cpf"); -- Alterado de UNIQUE KEY
CREATE INDEX "idx_aluno_cod_mec" ON "aluno" ("cod_mec"); -- Alterado de ADD KEY

--
-- Índices de tabela "curso"
--
ALTER TABLE "curso"
  ADD PRIMARY KEY ("cod_mec");

--
-- Índices de tabela "disciplina"
--
ALTER TABLE "disciplina"
  ADD PRIMARY KEY ("cod_disciplina");

--
-- Índices de tabela "horario_aluno"
--
ALTER TABLE "horario_aluno"
  ADD PRIMARY KEY ("id"),
  ADD CONSTRAINT "horario_aluno_matricula_aluno_id_oferta_semestre_key" UNIQUE ("matricula_aluno", "id_oferta_semestre"); -- Alterado de UNIQUE KEY
CREATE INDEX "idx_horario_aluno_id_oferta_semestre" ON "horario_aluno" ("id_oferta_semestre"); -- Alterado de ADD KEY

--
-- Índices de tabela "oferta_semestre"
--
ALTER TABLE "oferta_semestre"
  ADD PRIMARY KEY ("id");
CREATE INDEX "idx_oferta_semestre_id_afinidade_professor" ON "oferta_semestre" ("id_afinidade_professor"); -- Alterado de ADD KEY
CREATE INDEX "idx_oferta_semestre_codigo_sala" ON "oferta_semestre" ("codigo_sala"); -- Alterado de ADD KEY

--
-- Índices de tabela "pessoa"
--
ALTER TABLE "pessoa"
  ADD PRIMARY KEY ("cpf"),
  ADD CONSTRAINT "pessoa_email_key" UNIQUE ("email"); -- Alterado de UNIQUE KEY

--
-- Índices de tabela "professor"
--
ALTER TABLE "professor"
  ADD PRIMARY KEY ("matricula"),
  ADD CONSTRAINT "professor_cpf_key" UNIQUE ("cpf"); -- Alterado de UNIQUE KEY

--
-- Índices de tabela "salas"
--
ALTER TABLE "salas"
  ADD PRIMARY KEY ("codigo");

-- --------------------------------------------------------
-- AUTO_INCREMENT para tabelas despejadas
-- --------------------------------------------------------

--
-- Ajusta as sequências para os valores corretos do dump
-- A função setval(sequence_name, next_value, is_called)
-- 'false' significa que o next_value será o próximo valor retornado.
--
SELECT setval(pg_get_serial_sequence('"afinidade_professor"', 'id'), 697, false);
SELECT setval(pg_get_serial_sequence('"oferta_semestre"', 'id'), 159, false);

-- --------------------------------------------------------
-- Restrições para tabelas despejadas
-- --------------------------------------------------------

--
-- Restrições para tabelas "afinidade_professor"
--
ALTER TABLE "afinidade_professor"
  ADD CONSTRAINT "afinidade_professor_ibfk_1" FOREIGN KEY ("matricula_professor") REFERENCES "professor" ("matricula"),
  ADD CONSTRAINT "afinidade_professor_ibfk_2" FOREIGN KEY ("cod_disciplina") REFERENCES "disciplina" ("cod_disciplina");

--
-- Restrições para tabelas "aluno"
--
ALTER TABLE "aluno"
  ADD CONSTRAINT "aluno_ibfk_1" FOREIGN KEY ("cod_mec") REFERENCES "curso" ("cod_mec"),
  ADD CONSTRAINT "aluno_ibfk_2" FOREIGN KEY ("cpf") REFERENCES "pessoa" ("cpf");

--
-- Restrições para tabelas "horario_aluno"
--
ALTER TABLE "horario_aluno"
  ADD CONSTRAINT "horario_aluno_ibfk_1" FOREIGN KEY ("matricula_aluno") REFERENCES "aluno" ("matricula"),
  ADD CONSTRAINT "horario_aluno_ibfk_2" FOREIGN KEY ("id_oferta_semestre") REFERENCES "oferta_semestre" ("id");

--
-- Restrições para tabelas "oferta_semestre"
--
ALTER TABLE "oferta_semestre"
  ADD CONSTRAINT "oferta_semestre_ibfk_1" FOREIGN KEY ("id_afinidade_professor") REFERENCES "afinidade_professor" ("id"),
  ADD CONSTRAINT "oferta_semestre_ibfk_2" FOREIGN KEY ("codigo_sala") REFERENCES "salas" ("codigo");

--
-- Restrições para tabelas "professor"
--
ALTER TABLE "professor"
  ADD CONSTRAINT "professor_ibfk_1" FOREIGN KEY ("cpf") REFERENCES "pessoa" ("cpf");

-- Finaliza a transação
COMMIT;